Date/time,Original gage height (ft),Adjusted gage height (ft),Discharge (cfs),Reported mean daily discharge (cfs),Calculated mean daily discharge (cfs)
17387.0,0.65076267,0.57076267,14.3686403,10.0,9.98533322504
17387.26458,0.65076267,0.57076267,14.3686403,10.0,9.98533322504
17387.29306,0.643879907,0.563879907,13.74919163,10.0,9.98533322504
17387.33333,0.631490934,0.551490934,12.63418406,10.0,9.98533322504
17387.37986,0.613595751,0.533595751,11.02361759,10.0,9.98533322504
17387.43681,0.60808954,0.52808954,10.5280586,10.0,9.98533322504
17387.48333,0.590194357,0.510194357,8.91749213,10.0,9.98533322504
17387.54097,0.577805383,0.497805383,7.885879916,10.0,9.98533322504
17387.69097,0.568169515,0.488169515,7.38481478,10.0,9.98533322504
17387.78333,0.55440399,0.47440399,6.66900748,10.0,9.98533322504
17387.86875,0.550274332,0.470274332,6.454265264,10.0,9.98533322504
17387.87569,0.542015016,0.462015016,6.024780832,10.0,9.98533322504
17387.99653,0.543391569,0.463391569,6.096361588,10.0,9.98533322504
17388.0,0.540876254,0.460876254,5.965565208,10.0,9.98533322504
17388.0,0.540876254,0.555876254,13.02886286,466.0,468.650235023
17388.04653,0.507171029,0.522171029,9.99539261,466.0,468.650235023
17388.0625,0.506009563,0.521009563,9.89086067,466.0,468.650235023
17388.06319,0.491491235,0.506491235,8.58421115,466.0,468.650235023
17388.07708,0.492071968,0.507071968,8.63647712,466.0,468.650235023
17388.08194,0.498460032,0.513460032,9.21140288,466.0,468.650235023
17388.08889,0.492652701,0.507652701,8.68874309,466.0,468.650235023
17388.11667,0.493233434,0.508233434,8.74100906,466.0,468.650235023
17388.12569,0.499040765,0.514040765,9.26366885,466.0,468.650235023
17388.14514,0.493814167,0.508814167,8.79327503,466.0,468.650235023
17388.16042,0.482199505,0.497199505,7.85437426,466.0,468.650235023
17388.16944,0.493233434,0.508233434,8.74100906,466.0,468.650235023
17388.19028,0.520140735,0.535140735,11.16266615,466.0,468.650235023
17388.23472,0.516269181,0.531269181,10.81422629,466.0,468.650235023
17388.2875,0.512397627,0.527397627,10.46578643,466.0,468.650235023
17388.31736,0.508526073,0.523526073,10.11734657,466.0,468.650235023
17388.33333,0.501557276,0.516557276,9.49015484,466.0,468.650235023
17388.35486,0.48967495,0.50467495,8.4207455,466.0,468.650235023
17388.35556,0.728162685,0.743162685,52.38043235,466.0,468.650235023
17388.36042,1.231203433,1.246203433,405.4441196,466.0,468.650235023
17388.37014,1.267911501,1.282911501,449.4938012,466.0,468.650235023
17388.37778,1.365799685,1.380799685,583.119559,466.0,468.650235023
17388.3875,1.392718936,1.407718936,622.3502976,466.0,468.650235023
17388.56111,1.407402163,1.422402163,645.8434608,466.0,468.650235023
17388.62222,1.407631589,1.422631589,646.2105424,466.0,468.650235023
17388.62639,1.436668245,1.451668245,692.669192,466.0,468.650235023
17388.66528,1.435506778,1.450506778,690.8108448,466.0,468.650235023
17388.68611,1.495903023,1.510903023,789.6254414,466.0,468.650235023
17388.69236,1.513325016,1.528325016,820.9850288,466.0,468.650235023
17388.71042,1.526681878,1.541681878,845.0273804,466.0,468.650235023
17388.90417,1.529004811,1.544004811,849.2086598,466.0,468.650235023
17388.91667,1.543523139,1.558523139,875.3416502,466.0,468.650235023
17388.93889,1.490095692,1.505095692,779.1722456,466.0,468.650235023
17388.96042,1.447121441,1.462121441,709.3943056,466.0,468.650235023
17388.97361,1.419826984,1.434826984,665.7231744,466.0,468.650235023
17389.0,1.387276893,1.402276893,613.6430288,466.0,468.650235023
17389.0,1.387276893,1.417276893,637.6430288,350.0,349.185059701
17389.00139,1.38556373,1.41556373,634.901968,350.0,349.185059701
17389.02708,1.347816077,1.377816077,578.9425078,350.0,349.185059701
17389.04653,1.317037222,1.347037222,535.8521108,350.0,349.185059701
17389.05903,1.27580517,1.30580517,478.127238,350.0,349.185059701
17389.07222,1.300776694,1.330776694,513.0873716,350.0,349.185059701
17389.0875,1.269997839,1.299997839,469.9974068,350.0,349.185059701
17389.12431,1.233411652,1.263411652,426.0939824,350.0,349.185059701
17389.15625,1.213666726,1.243666726,402.4000712,350.0,349.185059701
17389.18472,1.183468604,1.213468604,366.1623248,350.0,349.185059701
17389.21042,1.174176874,1.204176874,355.0122488,350.0,349.185059701
17389.25069,1.143978752,1.173978752,323.978752,350.0,349.185059701
17389.26597,1.134106289,1.164106289,314.106289,350.0,349.185059701
17389.28333,1.117845761,1.147845761,297.845761,350.0,349.185059701
17389.29653,1.106811832,1.136811832,286.811832,350.0,349.185059701
17389.34097,1.069064179,1.099064179,249.2513432,350.0,349.185059701
17389.37431,1.073710044,1.103710044,253.710044,350.0,349.185059701
17389.39444,1.055126584,1.085126584,238.1012672,350.0,349.185059701
17389.40278,1.056288051,1.086288051,239.0304408,350.0,349.185059701
17389.41389,1.209601594,1.239601594,397.5219128,350.0,349.185059701
17389.41944,1.265351974,1.295351974,464.4223688,350.0,349.185059701
17389.42431,1.278708836,1.308708836,482.1923704,350.0,349.185059701
17389.42778,1.306003292,1.336003292,520.4046088,350.0,349.185059701
17389.46042,1.35768854,1.38768854,592.763956,350.0,349.185059701
17389.47222,1.369883936,1.399883936,609.8375104,350.0,349.185059701
17389.47778,1.356527074,1.386527074,591.1379036,350.0,349.185059701
17389.48472,1.369883936,1.399883936,609.8375104,350.0,349.185059701
17389.49931,1.363495871,1.393495871,600.8942194,350.0,349.185059701
17389.51111,1.355365608,1.385365608,589.5118512,350.0,349.185059701
17389.52639,1.333878482,1.363878482,559.4298748,350.0,349.185059701
17389.54167,1.319360154,1.349360154,539.1042156,350.0,349.185059701
17389.55972,1.287419833,1.317419833,494.3877662,350.0,349.185059701
17389.57292,1.246768514,1.276768514,442.1222168,350.0,349.185059701
17389.59861,1.206697929,1.236697929,394.0375148,350.0,349.185059701
17389.6125,1.18637227,1.21637227,369.646724,350.0,349.185059701
17389.64097,1.14920535,1.17920535,329.20535,350.0,349.185059701
17389.66597,1.124814559,1.154814559,304.814559,350.0,349.185059701
17389.67292,1.134106289,1.164106289,314.106289,350.0,349.185059701
17389.725,1.082421041,1.112421041,262.421041,350.0,349.185059701
17389.73125,1.089389839,1.119389839,269.389839,350.0,349.185059701
17389.75208,1.090551305,1.120551305,270.551305,350.0,349.185059701
17389.76389,1.064999047,1.094999047,245.9992376,350.0,349.185059701
17389.77986,1.060353183,1.090353183,242.2825464,350.0,349.185059701
17389.79236,1.060353183,1.090353183,242.2825464,350.0,349.185059701
17389.81111,1.048157787,1.078157787,232.5262296,350.0,349.185059701
17389.83681,1.023766996,1.053766996,213.0135968,350.0,349.185059701
17389.84583,1.016217465,1.046217465,206.973972,350.0,349.185059701
17389.86944,1.006925735,1.036925735,199.540588,350.0,349.185059701
17389.94236,0.936076295,0.966076295,150.3242511,350.0,349.185059701
17389.99792,0.856515857,0.886515857,106.33665994,350.0,349.185059701
17390.0,0.8613553,0.8913553,108.369226,350.0,349.185059701
17390.0,0.8613553,0.8813553,104.169226,70.0,69.1527602888
17390.01667,0.900070841,0.920070841,123.64108778,70.0,69.1527602888
17390.04931,0.846062661,0.866062661,97.74631762,70.0,69.1527602888
17390.05625,0.845481928,0.865481928,97.50240976,70.0,69.1527602888
17390.06667,0.897747909,0.917747909,122.29378722,70.0,69.1527602888
17390.07292,0.897747909,0.917747909,122.29378722,70.0,69.1527602888
17390.09375,0.858258057,0.878258057,102.86838394,70.0,69.1527602888
17390.1125,0.824575536,0.844575536,88.72172512,70.0,69.1527602888
17390.11875,0.825156269,0.845156269,88.96563298,70.0,69.1527602888
17390.12639,0.862323188,0.882323188,104.57573896,70.0,69.1527602888
17390.13264,0.871034185,0.891034185,108.2343577,70.0,69.1527602888
17390.16944,0.810637941,0.830637941,82.86793522,70.0,69.1527602888
17390.18819,0.794958146,0.814958146,76.28242132,70.0,69.1527602888
17390.20486,0.788570082,0.808570082,73.59943444,70.0,69.1527602888
17390.21389,0.781601285,0.801601285,70.6725397,70.0,69.1527602888
17390.21944,0.787408616,0.807408616,73.11161872,70.0,69.1527602888
17390.23819,0.757210494,0.777210494,62.93525314,70.0,69.1527602888
17390.25556,0.756629761,0.776629761,62.75522591,70.0,69.1527602888
17390.26042,0.891359844,0.911359844,118.58870952,70.0,69.1527602888
17390.26597,0.890779111,0.910779111,118.25188438,70.0,69.1527602888
17390.28403,0.811218674,0.831218674,83.11184308,70.0,69.1527602888
17390.29444,0.771148089,0.791148089,67.25590759,70.0,69.1527602888
17390.31806,0.718882108,0.738882108,51.05345348,70.0,69.1527602888
17390.32778,0.754887561,0.774887561,62.21514391,70.0,69.1527602888
17390.34097,0.753726095,0.773726095,61.85508945,70.0,69.1527602888
17390.35417,0.741530699,0.761530699,58.07451669,70.0,69.1527602888
17390.36319,0.79553888,0.81553888,76.5263296,70.0,69.1527602888
17390.37847,0.752564629,0.772564629,61.49503499,70.0,69.1527602888
17390.40347,0.714236243,0.734236243,49.61323533,70.0,69.1527602888
17390.41528,0.712494043,0.732494043,49.07315333,70.0,69.1527602888
17390.41597,0.720043574,0.740043574,51.41350794,70.0,69.1527602888
17390.43194,0.723527973,0.743527973,52.49367163,70.0,69.1527602888
17390.43681,0.843158995,0.863158995,96.5267779,70.0,69.1527602888
17390.44097,0.852450725,0.872450725,100.4293045,70.0,69.1527602888
17390.45833,0.78450495,0.80450495,71.892079,70.0,69.1527602888
17390.48403,0.691587651,0.711587651,42.59217181,70.0,69.1527602888
17390.49444,0.671842725,0.691842725,37.2053995,70.0,69.1527602888
17390.49792,0.673848466,0.693848466,37.64666252,70.0,69.1527602888
17390.50833,0.68967169,0.70967169,41.9982239,70.0,69.1527602888
17390.52014,0.702055084,0.722055084,45.83707604,70.0,69.1527602888
17390.54514,0.701367117,0.721367117,45.62380627,70.0,69.1527602888
17390.54722,0.708934746,0.728934746,47.96977126,70.0,69.1527602888
17390.55625,0.714438477,0.734438477,49.67592787,70.0,69.1527602888
17390.58056,0.715126443,0.735126443,49.88919733,70.0,69.1527602888
17390.58611,0.70824678,0.72824678,47.7565018,70.0,69.1527602888
17390.60139,0.701367117,0.721367117,45.62380627,70.0,69.1527602888
17390.61319,0.709622713,0.729622713,48.18304103,70.0,69.1527602888
17390.62361,0.716502376,0.736502376,50.31573656,70.0,69.1527602888
17390.64722,0.677976263,0.697976263,38.55477786,70.0,69.1527602888
17390.65486,0.680040162,0.700040162,39.01245022,70.0,69.1527602888
17390.66528,0.703431016,0.723431016,46.26361496,70.0,69.1527602888
17390.67569,0.704118982,0.724118982,46.47688442,70.0,69.1527602888
17390.67778,0.774291544,0.794291544,68.23037864,70.0,69.1527602888
17390.67986,0.823825117,0.843825117,88.40654914,70.0,69.1527602888
17390.68472,0.830016814,0.850016814,91.00706188,70.0,69.1527602888
17390.70069,0.807313926,0.827313926,81.47184892,70.0,69.1527602888
17390.71736,0.767411881,0.787411881,66.09768311,70.0,69.1527602888
17390.71875,0.757092387,0.777092387,62.89863997,70.0,69.1527602888
17390.72986,0.742645095,0.762645095,58.41997945,70.0,69.1527602888
17390.74167,0.719942207,0.739942207,51.38208417,70.0,69.1527602888
17390.74861,0.741957128,0.761957128,58.20670968,70.0,69.1527602888
17390.75347,0.762596117,0.782596117,64.60479627,70.0,69.1527602888
17390.76389,0.755028488,0.775028488,62.25883128,70.0,69.1527602888
17390.78264,0.722006106,0.742006106,52.02189286,70.0,69.1527602888
17390.79583,0.724070005,0.744070005,52.66170155,70.0,69.1527602888
17390.80347,0.760532218,0.780532218,63.96498758,70.0,69.1527602888
17390.80764,0.785986971,0.805986971,72.51452782,70.0,69.1527602888
17390.81389,0.785277506,0.805277506,72.21655252,70.0,69.1527602888
17390.82708,0.757124635,0.777124635,62.90863685,70.0,69.1527602888
17390.83403,0.749868741,0.769868741,60.65930971,70.0,69.1527602888
17390.84097,0.791372457,0.811372457,74.77643194,70.0,69.1527602888
17390.84861,0.797177173,0.817177173,77.21441266,70.0,69.1527602888
17390.86597,0.763219587,0.783219587,64.79807197,70.0,69.1527602888
17390.89375,0.695884886,0.715884886,43.92431466,70.0,69.1527602888
17390.89653,0.760607465,0.780607465,63.98831415,70.0,69.1527602888
17390.90556,0.784406799,0.804406799,71.85085558,70.0,69.1527602888
17390.92083,0.756834399,0.776834399,62.81866369,70.0,69.1527602888
17390.94167,0.710977146,0.730977146,48.60291526,70.0,69.1527602888
17390.94306,0.789050571,0.809050571,73.80123982,70.0,69.1527602888
17390.94861,0.857836451,0.877836451,102.69130942,70.0,69.1527602888
17390.96111,0.808496368,0.828496368,81.96847456,70.0,69.1527602888
17390.99583,0.683114512,0.703114512,39.96549872,70.0,69.1527602888
17391.0,0.663088243,0.683088243,35.27941346,70.0,69.1527602888
17391.0,0.663088243,0.693088243,37.47941346,64.0,63.8855108417
17391.00139,0.65641282,0.68641282,36.0108204,64.0,63.8855108417
17391.00972,0.644803389,0.674803389,33.45674558,64.0,63.8855108417
17391.02361,0.645093624,0.675093624,33.52059728,64.0,63.8855108417
17391.025,0.752190627,0.782190627,64.47909437,64.0,63.8855108417
17391.02708,0.793113872,0.823113872,79.70782624,64.0,63.8855108417
17391.03264,0.799208823,0.829208823,82.26770566,64.0,63.8855108417
17391.05347,0.756253928,0.786253928,65.73871768,64.0,63.8855108417
17391.07708,0.678180503,0.708180503,41.53595593,64.0,63.8855108417
17391.08403,0.665990601,0.695990601,38.11793222,64.0,63.8855108417
17391.08542,0.753932042,0.783932042,65.01893302,64.0,63.8855108417
17391.09444,0.763509822,0.793509822,67.98804482,64.0,63.8855108417
17391.10833,0.737678838,0.767678838,59.98043978,64.0,63.8855108417
17391.12083,0.716491626,0.746491626,53.41240406,64.0,63.8855108417
17391.13264,0.684855926,0.714855926,43.60533706,64.0,63.8855108417
17391.15833,0.651188576,0.681188576,34.86148672,64.0,63.8855108417
17391.19167,0.651769047,0.681769047,34.98919034,64.0,63.8855108417
17391.19236,0.782084912,0.812084912,75.07566304,64.0,63.8855108417
17391.19722,0.807625661,0.837625661,85.80277762,64.0,63.8855108417
17391.20556,0.794274815,0.824274815,80.1954223,64.0,63.8855108417
17391.22292,0.73825931,0.76825931,60.1603861,64.0,63.8855108417
17391.24722,0.664249186,0.694249186,37.73482092,64.0,63.8855108417
17391.25278,0.638708437,0.668708437,32.11585614,64.0,63.8855108417
17391.26667,0.625647827,0.655647827,29.24252194,64.0,63.8855108417
17391.28403,0.626228299,0.656228299,29.37022578,64.0,63.8855108417
17391.28889,0.688338756,0.718338756,44.68501436,64.0,63.8855108417
17391.29167,0.726649878,0.756649878,56.56146218,64.0,63.8855108417
17391.30278,0.726649878,0.756649878,56.56146218,64.0,63.8855108417
17391.31528,0.691821585,0.721821585,45.76469135,64.0,63.8855108417
17391.33472,0.652059283,0.682059283,35.05304226,64.0,63.8855108417
17391.35972,0.638998673,0.668998673,32.17970806,64.0,63.8855108417
17391.38542,0.639579145,0.669579145,32.3074119,64.0,63.8855108417
17391.39236,0.647705746,0.677705746,34.09526412,64.0,63.8855108417
17391.40417,0.647705746,0.677705746,34.09526412,64.0,63.8855108417
17391.40417,0.747256619,0.777256619,62.94955189,64.0,63.8855108417
17391.40833,0.766992652,0.796992652,69.06772212,64.0,63.8855108417
17391.41667,0.744934733,0.774934733,62.22976723,64.0,63.8855108417
17391.42708,0.691821585,0.721821585,45.76469135,64.0,63.8855108417
17391.44097,0.653220226,0.683220226,35.30844972,64.0,63.8855108417
17391.44444,0.654090934,0.684090934,35.50000548,64.0,63.8855108417
17391.44931,0.680792625,0.710792625,42.34571375,64.0,63.8855108417
17391.45694,0.835778531,0.865778531,97.62698302,64.0,63.8855108417
17391.45694,0.686597341,0.716597341,44.14517571,64.0,63.8855108417
17391.46667,0.854934093,0.884934093,105.67231906,64.0,63.8855108417
17391.48542,0.829103109,0.859103109,94.82330578,64.0,63.8855108417
17391.49028,0.807915897,0.837915897,85.92467674,64.0,63.8855108417
17391.50486,0.78498727,0.81498727,76.2946534,64.0,63.8855108417
17391.51597,0.834327353,0.864327353,97.01748826,64.0,63.8855108417
17391.53056,0.834327353,0.864327353,97.01748826,64.0,63.8855108417
17391.54375,0.807915897,0.837915897,85.92467674,64.0,63.8855108417
17391.56806,0.7608977,0.7908977,67.178287,64.0,63.8855108417
17391.59236,0.800660002,0.830660002,82.87720084,64.0,63.8855108417
17391.6,0.793694343,0.823694343,79.95162406,64.0,63.8855108417
17391.61597,0.755673456,0.785673456,65.55877136,64.0,63.8855108417
17391.625,0.733325301,0.763325301,58.63084331,64.0,63.8855108417
17391.63681,0.714750211,0.744750211,52.87256541,64.0,63.8855108417
17391.64653,0.793694343,0.823694343,79.95162406,64.0,63.8855108417
17391.64792,0.773668075,0.803668075,71.5405915,64.0,63.8855108417
17391.65625,0.789147316,0.819147316,78.04187272,64.0,63.8855108417
17391.65833,0.952066334,0.982066334,159.59847372,64.0,63.8855108417
17391.67292,0.989990475,1.019990475,185.99238,64.0,63.8855108417
17391.68194,0.937748035,0.967748035,151.2938603,64.0,63.8855108417
17391.68681,0.893245216,0.923245216,125.48222528,64.0,63.8855108417
17391.70486,0.83906787,0.86906787,99.0085054,64.0,63.8855108417
17391.7125,0.798434861,0.828434861,81.94264162,64.0,63.8855108417
17391.72847,0.748127326,0.778127326,63.21947106,64.0,63.8855108417
17391.73681,0.710203184,0.740203184,51.46298704,64.0,63.8855108417
17391.74931,0.777924866,0.807924866,73.32844372,64.0,63.8855108417
17391.75,0.685436398,0.715436398,43.78528338,64.0,63.8855108417
17391.75069,0.741935629,0.771935629,61.30004499,64.0,63.8855108417
17391.76528,0.754706004,0.784706004,65.25886124,64.0,63.8855108417
17391.76944,0.745418459,0.775418459,62.37972229,64.0,63.8855108417
17391.77292,0.777924866,0.807924866,73.32844372,64.0,63.8855108417
17391.77431,0.866543524,0.896543524,110.54828008,64.0,63.8855108417
17391.77708,0.874283145,0.904283145,114.4842241,64.0,63.8855108417
17391.77986,0.854934093,0.884934093,105.67231906,64.0,63.8855108417
17391.78403,0.827458439,0.857458439,94.13254438,64.0,63.8855108417
17391.79444,0.795339013,0.825339013,80.64238546,64.0,63.8855108417
17391.81875,0.710977146,0.740977146,51.70291526,64.0,63.8855108417
17391.83472,0.679631682,0.709631682,41.98582142,64.0,63.8855108417
17391.83819,0.694723943,0.724723943,46.66442233,64.0,63.8855108417
17391.83889,0.750062231,0.780062231,63.81929161,64.0,63.8855108417
17391.84375,0.762832606,0.792832606,67.77810786,64.0,63.8855108417
17391.87569,0.70865526,0.73865526,50.9831306,64.0,63.8855108417
17391.88056,0.709816203,0.739816203,51.34302293,64.0,63.8855108417
17391.88194,0.755092985,0.785092985,65.37882535,64.0,63.8855108417
17391.88264,0.793017127,0.823017127,79.66719334,64.0,63.8855108417
17391.88681,0.801530709,0.831530709,83.24289778,64.0,63.8855108417
17391.89306,0.769024302,0.799024302,69.69753362,64.0,63.8855108417
17391.90625,0.735743933,0.765743933,59.38061923,64.0,63.8855108417
17391.92014,0.698980734,0.728980734,47.98402754,64.0,63.8855108417
17391.92431,0.708268279,0.738268279,50.86316649,64.0,63.8855108417
17391.92639,0.814688065,0.844688065,88.7689873,64.0,63.8855108417
17391.93194,0.838293908,0.868293908,98.68344136,64.0,63.8855108417
17391.9375,0.809657311,0.839657311,86.65607062,64.0,63.8855108417
17391.94722,0.789147316,0.819147316,78.04187272,64.0,63.8855108417
17391.95694,0.756640909,0.786640909,65.85868179,64.0,63.8855108417
17391.96875,0.718329786,0.748329786,53.98223366,64.0,63.8855108417
17391.98125,0.69008017,0.72008017,45.2248527,64.0,63.8855108417
17391.99792,0.678083758,0.708083758,41.50596498,64.0,63.8855108417
17391.99931,0.781407695,0.811407695,74.7912319,64.0,63.8855108417
17392.0,0.832267653,0.862267653,96.15241426,64.0,63.8855108417
17392.0,0.832267653,0.837267653,85.65241426,329.0,329.256148909
17392.01806,0.854626558,0.859626558,95.04315436,329.0,329.256148909
17392.02153,0.819411283,0.824411283,80.25273886,329.0,329.256148909
17392.02292,0.846112975,0.851112975,91.4674495,329.0,329.256148909
17392.04028,0.818637321,0.823637321,79.92767482,329.0,329.256148909
17392.05347,0.779939217,0.784939217,65.33115727,329.0,329.256148909
17392.07222,0.748980734,0.753980734,55.73402754,329.0,329.256148909
17392.09306,0.748980734,0.753980734,55.73402754,329.0,329.256148909
17392.10278,0.727696777,0.732696777,49.13600087,329.0,329.256148909
17392.11181,0.726148853,0.731148853,48.65614443,329.0,329.256148909
17392.12431,0.72885772,0.73385772,49.4958932,329.0,329.256148909
17392.125,0.841469202,0.846469202,89.51706484,329.0,329.256148909
17392.12569,0.849208823,0.854208823,92.76770566,329.0,329.256148909
17392.13125,0.876297496,0.881297496,104.14494832,329.0,329.256148909
17392.15,0.846112975,0.851112975,91.4674495,329.0,329.256148909
17392.17014,0.821733169,0.826733169,81.22793098,329.0,329.256148909
17392.19722,0.769103748,0.774103748,61.97216188,329.0,329.256148909
17392.22292,0.754011488,0.759011488,57.29356128,329.0,329.256148909
17392.22847,0.745884886,0.750884886,54.77431466,329.0,329.256148909
17392.24306,0.745884886,0.750884886,54.77431466,329.0,329.256148909
17392.24653,0.735436398,0.740436398,51.53528338,329.0,329.256148909
17392.24722,1.213047382,1.218047382,371.6568584,329.0,329.256148909
17392.25694,1.344705729,1.349705729,539.5880206,329.0,329.256148909
17392.275,1.449072763,1.454072763,696.5164208,329.0,329.256148909
17392.29653,1.522455834,1.527455834,819.4205012,329.0,329.256148909
17392.31597,1.545286123,1.550286123,860.5150214,329.0,329.256148909
17392.34861,1.50451775,1.50951775,787.13195,329.0,329.256148909
17392.37778,1.453964968,1.458964968,704.3439488,329.0,329.256148909
17392.39444,1.467010847,1.472010847,725.2173552,329.0,329.256148909
17392.41389,1.452334233,1.457334233,701.7347728,329.0,329.256148909
17392.425,1.439390274,1.444390274,681.0244384,329.0,329.256148909
17392.4375,1.399029585,1.404029585,616.447336,329.0,329.256148909
17392.44931,1.454984177,1.459984177,705.9746832,329.0,329.256148909
17392.47639,1.411871623,1.416871623,636.9945968,329.0,329.256148909
17392.48542,1.383435683,1.388435683,593.8099562,329.0,329.256148909
17392.49097,1.39077399,1.39577399,604.083586,329.0,329.256148909
17392.52153,1.34940584,1.35440584,546.168176,329.0,329.256148909
17392.58542,1.260428866,1.265428866,428.5146392,329.0,329.256148909
17392.60625,1.225571908,1.230571908,386.6862896,329.0,329.256148909
17392.62569,1.211812582,1.216812582,370.1750984,329.0,329.256148909
17392.66806,1.141181376,1.146181376,296.181376,329.0,329.256148909
17392.70764,1.090730514,1.095730514,246.5844112,329.0,329.256148909
17392.75625,1.043031518,1.048031518,208.4252144,329.0,329.256148909
17392.80556,1.006339983,1.011339983,179.0719864,329.0,329.256148909
17392.87361,0.968731159,0.973731159,154.76407222,329.0,329.256148909
17392.92222,0.936626065,0.941626065,136.1431177,329.0,329.256148909
17392.94583,0.931122335,0.936122335,132.9509543,329.0,329.256148909
17392.95208,0.917363009,0.922363009,124.97054522,329.0,329.256148909
17392.96458,0.926535893,0.931535893,130.29081794,329.0,329.256148909
17392.96944,0.915528432,0.920528432,123.90649056,329.0,329.256148909
17392.98819,0.917363009,0.922363009,124.97054522,329.0,329.256148909
17392.99444,0.902686395,0.907686395,116.4581091,329.0,329.256148909
17393.0,0.921003143,0.926003143,127.08182294,329.0,329.256148909
17393.0,0.921003143,0.911003143,118.38182294,514.0,517.054728127
17393.00486,0.928280297,0.918280297,122.60257226,514.0,517.054728127
17393.00833,0.947543354,0.937543354,133.77514532,514.0,517.054728127
17393.01806,0.979648447,0.969648447,152.39609926,514.0,517.054728127
17393.03056,0.970475563,0.960475563,147.07582654,514.0,517.054728127
17393.04028,0.997994215,0.987994215,163.0366447,514.0,517.054728127
17393.04097,1.084219323,1.074219323,229.3754584,514.0,517.054728127
17393.04792,1.097061361,1.087061361,239.6490888,514.0,517.054728127
17393.05417,1.14292578,1.13292578,282.92578,514.0,517.054728127
17393.075,1.167692567,1.157692567,307.692567,514.0,517.054728127
17393.08542,1.173196297,1.163196297,313.196297,514.0,517.054728127
17393.08819,1.152098664,1.142098664,292.098664,514.0,517.054728127
17393.09653,1.135587473,1.125587473,275.587473,514.0,517.054728127
17393.11319,1.14292578,1.13292578,282.92578,514.0,517.054728127
17393.125,1.162188836,1.152188836,302.188836,514.0,517.054728127
17393.14792,1.123662724,1.113662724,263.662724,514.0,517.054728127
17393.17708,1.086971189,1.076971189,231.5769512,514.0,517.054728127
17393.20347,1.067708132,1.057708132,216.1665056,514.0,517.054728127
17393.21806,1.051196941,1.041196941,202.9575528,514.0,517.054728127
17393.25069,1.032851174,1.022851174,188.2809392,514.0,517.054728127
17393.27917,1.033768462,1.023768462,189.0147696,514.0,517.054728127
17393.28681,1.056586011,1.046586011,207.2688088,514.0,517.054728127
17393.29028,1.132950269,1.122950269,272.950269,514.0,517.054728127
17393.30069,1.246464707,1.236464707,393.7576484,514.0,517.054728127
17393.31181,1.323860915,1.313860915,489.405281,514.0,517.054728127
17393.32917,1.359463171,1.349463171,539.2484394,514.0,517.054728127
17393.33472,1.337792232,1.327792232,508.9091248,514.0,517.054728127
17393.35556,1.319733117,1.309733117,483.6263638,514.0,517.054728127
17393.37847,1.288774634,1.278774634,444.5295608,514.0,517.054728127
17393.39722,1.270199544,1.260199544,422.2394528,514.0,517.054728127
17393.43333,1.300642053,1.290642053,458.7704636,514.0,517.054728127
17393.44375,1.335212359,1.325212359,505.2973026,514.0,517.054728127
17393.45069,1.419832213,1.409832213,625.7315408,514.0,517.054728127
17393.45972,1.578752426,1.568752426,893.7543668,514.0,517.054728127
17393.46458,1.670595926,1.660595926,1071.191852,514.0,517.054728127
17393.47361,1.758311628,1.748311628,1256.2855816,514.0,517.054728127
17393.48333,1.758311628,1.748311628,1256.2855816,514.0,517.054728127
17393.49167,1.715485726,1.705485726,1162.0685972,514.0,517.054728127
17393.50764,1.68968699,1.67968699,1109.37398,514.0,517.054728127
17393.52431,1.702070384,1.692070384,1134.140768,514.0,517.054728127
17393.55694,1.672659825,1.662659825,1075.31965,514.0,517.054728127
17393.62431,1.597843491,1.587843491,928.1182838,514.0,517.054728127
17393.675,1.49826037,1.48826037,751.216592,514.0,517.054728127
17393.72847,1.394549451,1.384549451,588.3692314,514.0,517.054728127
17393.74653,1.373394488,1.363394488,558.7522832,514.0,517.054728127
17393.77708,1.332632485,1.322632485,501.685479,514.0,517.054728127
17393.82083,1.275875266,1.265875266,429.0503192,514.0,517.054728127
17393.83542,1.2588481,1.2488481,408.61772,514.0,517.054728127
17393.84167,1.240273011,1.230273011,386.3276132,514.0,517.054728127
17393.85486,1.225825718,1.215825718,368.9908616,514.0,517.054728127
17393.87361,1.208798553,1.198798553,348.798553,514.0,517.054728127
17393.87917,1.194351261,1.184351261,334.351261,514.0,517.054728127
17393.90139,1.160296929,1.150296929,300.296929,514.0,517.054728127
17393.91806,1.147397561,1.137397561,287.397561,514.0,517.054728127
17393.93542,1.126242598,1.116242598,266.242598,514.0,517.054728127
17393.94306,1.121598825,1.111598825,261.598825,514.0,517.054728127
17393.95625,1.110087679,1.100087679,250.087679,514.0,517.054728127
17393.96111,1.190890378,1.180890378,330.890378,514.0,517.054728127
17393.96944,1.291893753,1.281893753,448.2725036,514.0,517.054728127
17393.98264,1.387846959,1.377846959,578.9857426,514.0,517.054728127
17393.99167,1.416464582,1.406464582,620.3433312,514.0,517.054728127
17394.0,1.372305619,1.362305619,557.2278666,514.0,517.054728127
17394.0,1.372305619,1.412305619,629.6889904,362.0,362.793029196
17394.01528,1.364680855,1.404680855,617.489368,362.0,362.793029196
17394.02986,1.38319814,1.42319814,647.117024,362.0,362.793029196
17394.07361,1.309128999,1.349128999,538.7805986,362.0,362.793029196
17394.09931,1.282194765,1.322194765,501.072671,362.0,362.793029196
17394.12917,1.277144597,1.317144597,494.0024358,362.0,362.793029196
17394.16806,1.226642909,1.266642909,429.9714908,362.0,362.793029196
17394.18194,1.233376468,1.273376468,438.0517616,362.0,362.793029196
17394.21528,1.203075455,1.243075455,401.690546,362.0,362.793029196
17394.25764,1.194658507,1.234658507,391.5902084,362.0,362.793029196
17394.27431,1.209809014,1.249809014,409.7708168,362.0,362.793029196
17394.28958,1.177824612,1.217824612,371.3895344,362.0,362.793029196
17394.32778,1.154257158,1.194257158,344.257158,362.0,362.793029196
17394.34653,1.152573768,1.192573768,342.573768,362.0,362.793029196
17394.37361,1.129006314,1.169006314,319.006314,362.0,362.793029196
17394.41528,1.110489029,1.150489029,300.489029,362.0,362.793029196
17394.4375,1.085238185,1.125238185,275.238185,362.0,362.793029196
17394.46944,1.088604964,1.128604964,278.604964,362.0,362.793029196
17394.47778,1.075137847,1.115137847,265.137847,362.0,362.793029196
17394.48819,1.091971743,1.131971743,281.971743,362.0,362.793029196
17394.49792,1.18455817,1.22455817,379.469804,362.0,362.793029196
17394.50347,1.219909351,1.259909351,421.8912212,362.0,362.793029196
17394.53333,1.255260532,1.295260532,464.3126384,362.0,362.793029196
17394.55694,1.213175793,1.253175793,413.8109516,362.0,362.793029196
17394.56736,1.176141222,1.216141222,369.3694664,362.0,362.793029196
17394.58403,1.196341897,1.236341897,393.6102764,362.0,362.793029196
17394.60417,1.174457832,1.214457832,367.3493984,362.0,362.793029196
17394.63472,1.159307326,1.199307326,349.307326,362.0,362.793029196
17394.67292,1.125639535,1.165639535,315.639535,362.0,362.793029196
17394.68472,1.118905976,1.158905976,308.905976,362.0,362.793029196
17394.70833,1.093655133,1.133655133,283.655133,362.0,362.793029196
17394.72708,1.086921574,1.126921574,276.921574,362.0,362.793029196
17394.74722,1.051570393,1.091570393,243.2563144,362.0,362.793029196
17394.79097,1.02295277,1.06295277,220.362216,362.0,362.793029196
17394.80972,1.043153445,1.083153445,236.522756,362.0,362.793029196
17394.82153,1.073454458,1.113454458,263.454458,362.0,362.793029196
17394.86181,1.107122249,1.147122249,297.122249,362.0,362.793029196
17394.88542,1.107122249,1.147122249,297.122249,362.0,362.793029196
17394.91389,1.090288354,1.130288354,280.288354,362.0,362.793029196
17394.96458,1.100388691,1.140388691,290.388691,362.0,362.793029196
17394.97778,1.086921574,1.126921574,276.921574,362.0,362.793029196
17394.99653,1.073454458,1.113454458,263.454458,362.0,362.793029196
17395.0,1.113295647,1.153295647,303.295647,362.0,362.793029196
17395.0,1.113295647,1.118295647,268.295647,2240.0,2237.05309194
17395.03333,1.111771068,1.116771068,266.771068,2240.0,2237.05309194
17395.06042,1.086520225,1.091520225,243.21618,2240.0,2237.05309194
17395.09236,1.130288354,1.135288354,285.288354,2240.0,2237.05309194
17395.16319,1.126921574,1.131921574,281.921574,2240.0,2237.05309194
17395.17292,1.106720899,1.111720899,261.720899,2240.0,2237.05309194
17395.19861,1.108404289,1.113404289,263.404289,2240.0,2237.05309194
17395.21944,1.064024616,1.069024616,225.2196928,2240.0,2237.05309194
17395.23889,1.067220426,1.072220426,227.7763408,2240.0,2237.05309194
17395.25417,1.079471031,1.084471031,237.5768248,2240.0,2237.05309194
17395.29236,1.105570145,1.110570145,260.570145,2240.0,2237.05309194
17395.30278,1.119951289,1.124951289,274.951289,2240.0,2237.05309194
17395.31528,1.301047184,1.306047184,478.4660576,2240.0,2237.05309194
17395.33542,1.535906563,1.540906563,843.6318134,2240.0,2237.05309194
17395.34861,1.634384853,1.639384853,1028.769706,2240.0,2237.05309194
17395.36528,1.706408939,1.711408939,1175.0996658,2240.0,2237.05309194
17395.37708,1.647991991,1.652991991,1055.983982,2240.0,2237.05309194
17395.39375,2.080623113,2.085623113,2091.1824051,2240.0,2237.05309194
17395.4125,2.427401366,2.432401366,3116.9245078,2240.0,2237.05309194
17395.41875,2.488103728,2.493103728,3317.2423024,2240.0,2237.05309194
17395.42361,2.540288805,2.545288805,3493.981937,2240.0,2237.05309194
17395.45069,2.64129218,2.64629218,3846.651848,2240.0,2237.05309194
17395.48819,2.573956597,2.578956597,3608.4524298,2240.0,2237.05309194
17395.51458,2.452752547,2.457752547,3200.5834051,2240.0,2237.05309194
17395.55347,2.270946473,2.275946473,2630.2447717,2240.0,2237.05309194
17395.57708,2.16320954,2.16820954,2320.986712,2240.0,2237.05309194
17395.59236,2.254112577,2.259112577,2581.4264733,2240.0,2237.05309194
17395.62431,2.446018989,2.451018989,3178.3626637,2240.0,2237.05309194
17395.66667,2.572373545,2.577373545,3603.070053,2240.0,2237.05309194
17395.7,2.67001014,2.67501014,3950.036504,2240.0,2237.05309194
17395.72014,2.772696905,2.777696905,4327.4785485,2240.0,2237.05309194
17395.75069,2.883800617,2.888800617,4756.3224063,2240.0,2237.05309194
17395.78958,2.769330125,2.774330125,4315.0214625,2240.0,2237.05309194
17395.82778,2.723878607,2.728878607,4146.8508459,2240.0,2237.05309194
17395.85139,2.696944374,2.701944374,4047.1941838,2240.0,2237.05309194
17395.87708,2.560589818,2.565589818,3563.0053812,2240.0,2237.05309194
17395.89028,2.476420339,2.481420339,3278.6871187,2240.0,2237.05309194
17395.91389,2.367000016,2.372000016,2923.2000496,2240.0,2237.05309194
17395.91875,2.319865108,2.324865108,2777.0818348,2240.0,2237.05309194
17395.94097,2.257579694,2.262579694,2591.4811126,2240.0,2237.05309194
17395.95764,2.190244111,2.195244111,2396.6835108,2240.0,2237.05309194
17395.98264,2.134692254,2.139692254,2241.1383112,2240.0,2237.05309194
17396.0,2.117867702,2.122867702,2194.0295656,2240.0,2237.05309194
17396.0,2.117867702,2.127867702,2208.0295656,4440.0,4445.66124703
17396.00833,2.114591917,2.124591917,2198.8573676,4440.0,4445.66124703
17396.03333,2.011905153,2.021905153,1919.1439131,4440.0,4445.66124703
17396.04653,2.106174969,2.116174969,2175.2899132,4440.0,4445.66124703
17396.06528,2.186977669,2.196977669,2401.5374732,4440.0,4445.66124703
17396.06667,2.129742423,2.139742423,2241.2787844,4440.0,4445.66124703
17396.08542,2.229062408,2.239062408,2523.2809832,4440.0,4445.66124703
17396.11111,2.259363421,2.269363421,2611.1539209,4440.0,4445.66124703
17396.1375,2.188661058,2.198661058,2406.2509624,4440.0,4445.66124703
17396.15764,2.237479356,2.247479356,2547.6901324,4440.0,4445.66124703
17396.18333,2.171827163,2.181827163,2359.1160564,4440.0,4445.66124703
17396.22222,2.134792592,2.144792592,2255.4192576,4440.0,4445.66124703
17396.24861,2.079240736,2.089240736,2100.9499872,4440.0,4445.66124703
17396.27569,2.14320954,2.15320954,2278.986712,4440.0,4445.66124703
17396.29236,2.18361089,2.19361089,2392.110492,4440.0,4445.66124703
17396.31111,2.392351197,2.402351197,3017.7589501,4440.0,4445.66124703
17396.32639,2.560690155,2.570690155,3580.346527,4440.0,4445.66124703
17396.33125,2.651593192,2.661593192,3901.7354912,4440.0,4445.66124703
17396.35347,2.710712503,2.720712503,4116.6362611,4440.0,4445.66124703
17396.375,2.804982319,2.814982319,4468.4310441,4440.0,4445.66124703
17396.40903,2.996888731,3.006888731,5228.9326702,4440.0,4445.66124703
17396.41875,3.066409391,3.076409391,5520.9194422,4440.0,4445.66124703
17396.43403,3.185930051,3.195930051,6032.4992193,4440.0,4445.66124703
17396.44375,3.384570021,3.394570021,6915.5650945,4440.0,4445.66124703
17396.45417,3.504090681,3.514090681,7466.2262007,4440.0,4445.66124703
17396.46736,3.561325927,3.571325927,7735.2318569,4440.0,4445.66124703
17396.47639,3.658962523,3.668962523,8201.0201104,4440.0,4445.66124703
17396.49653,3.86938622,3.87938622,9218.992478,4440.0,4445.66124703
17396.49861,3.881518135,3.891518135,9278.4388615,4440.0,4445.66124703
17396.51528,4.09203127,4.10203127,10330.359477,4440.0,4445.66124703
17396.52639,4.105002631,4.115002631,10396.5134181,4440.0,4445.66124703
17396.53542,4.245834549,4.255834549,11120.3396548,4440.0,4445.66124703
17396.55208,4.334781023,4.344781023,11587.3394219,4440.0,4445.66124703
17396.56319,4.349605436,4.359605436,11665.9088108,4440.0,4445.66124703
17396.57292,4.242128446,4.252128446,11101.0679192,4440.0,4445.66124703
17396.58542,4.117973992,4.127973992,10462.6673592,4440.0,4445.66124703
17396.61319,3.79368997,3.80368997,8848.080853,4440.0,4445.66124703
17396.62083,3.534262753,3.544262753,7608.0349391,4440.0,4445.66124703
17396.63194,3.245186711,3.255186711,6292.8215284,4440.0,4445.66124703
17396.66875,2.80527875,2.81527875,4469.587125,4440.0,4445.66124703
17396.69861,2.647769368,2.657769368,3887.9697248,4440.0,4445.66124703
17396.71528,2.701507864,2.711507864,4082.5790968,4440.0,4445.66124703
17396.77292,2.647769368,2.657769368,3887.9697248,4440.0,4445.66124703
17396.77639,2.699654812,2.709654812,4075.7228044,4440.0,4445.66124703
17396.81319,2.5662351,2.5762351,3599.19934,4440.0,4445.66124703
17396.81875,2.523614914,2.533614914,3454.2907076,4440.0,4445.66124703
17396.87847,2.417990976,2.427990976,3102.3702208,4440.0,4445.66124703
17396.94306,2.247510233,2.257510233,2576.7796757,4440.0,4445.66124703
17396.97847,2.154857656,2.164857656,2311.6014368,4440.0,4445.66124703
17397.0,2.137794611,2.147794611,2263.8249108,4440.0,4445.66124703
17397.0,2.137794611,2.137794611,2235.8249108,3000.0,3004.97623255
17397.03611,2.05885015,2.05885015,2018.895405,3000.0,3004.97623255
17397.10069,1.949520108,1.949520108,1733.80027,3000.0,3004.97623255
17397.11944,1.964344521,1.964344521,1770.8613025,3000.0,3004.97623255
17397.13056,1.899487716,1.899487716,1608.7705184,3000.0,3004.97623255
17397.175,1.804982087,1.804982087,1381.9570088,3000.0,3004.97623255
17397.20278,1.775333262,1.775333262,1315.7331764,3000.0,3004.97623255
17397.21944,1.893928562,1.893928562,1595.4285488,3000.0,3004.97623255
17397.23611,2.268244975,2.268244975,2607.9104275,3000.0,3004.97623255
17397.25069,2.418725718,2.418725718,3071.7948694,3000.0,3004.97623255
17397.26181,2.481729471,2.481729471,3279.7072543,3000.0,3004.97623255
17397.29514,2.548439327,2.548439327,3504.6937118,3000.0,3004.97623255
17397.32708,2.429844028,2.429844028,3108.4852924,3000.0,3004.97623255
17397.36181,2.246391924,2.246391924,2544.5365796,3000.0,3004.97623255
17397.425,1.935079263,1.935079263,1697.6981575,3000.0,3004.97623255
17397.44722,1.879487716,1.879487716,1560.7705184,3000.0,3004.97623255
17397.46597,1.792394294,1.792394294,1353.2674468,3000.0,3004.97623255
17397.47292,1.74050885,1.74050885,1239.11947,3000.0,3004.97623255
17397.51736,1.6812112,1.6812112,1112.4224,3000.0,3004.97623255
17397.54931,1.627472705,1.627472705,1004.94541,3000.0,3004.97623255
17397.55069,1.603383035,1.603383035,956.76607,3000.0,3004.97623255
17397.56944,1.582999468,1.582999468,919.3990424,3000.0,3004.97623255
17397.58611,1.536673179,1.536673179,836.0117222,3000.0,3004.97623255
17397.61597,1.508877406,1.508877406,785.9793308,3000.0,3004.97623255
17397.62708,1.493929704,1.493929704,760.2875264,3000.0,3004.97623255
17397.65,1.437459035,1.437459035,669.934456,3000.0,3004.97623255
17397.66389,1.51140872,1.51140872,790.535696,3000.0,3004.97623255
17397.66389,1.632417296,1.632417296,1014.834592,3000.0,3004.97623255
17397.66875,1.965863149,1.965863149,1774.6578725,3000.0,3004.97623255
17397.67569,2.502334502,2.502334502,3347.9373068,3000.0,3004.97623255
17397.68889,2.943343534,2.943343534,4973.374136,3000.0,3004.97623255
17397.69167,3.06166303,3.06166303,5458.984726,3000.0,3004.97623255
17397.7,3.106032841,3.106032841,5645.9412163,3000.0,3004.97623255
17397.70556,3.231075036,3.231075036,6186.7301584,3000.0,3004.97623255
17397.72153,3.45964679,3.45964679,7214.375234,3000.0,3004.97623255
17397.72708,3.479814886,3.479814886,7307.1484756,3000.0,3004.97623255
17397.72917,3.552420032,3.552420032,7646.3741504,3000.0,3004.97623255
17397.74167,3.655949591,3.655949591,8138.5580368,3000.0,3004.97623255
17397.75208,3.705697561,3.705697561,8377.3482928,3000.0,3004.97623255
17397.75208,3.86166417,3.86166417,9132.154433,3000.0,3004.97623255
17397.77361,4.008219001,4.008219001,9861.095005,3000.0,3004.97623255
17397.79167,3.873765028,3.873765028,9191.4486372,3000.0,3004.97623255
17397.79653,3.828050677,3.828050677,8967.4483173,3000.0,3004.97623255
17397.80625,3.676117687,3.676117687,8235.3648976,3000.0,3004.97623255
17397.82639,3.384352565,3.384352565,6869.5865425,3000.0,3004.97623255
17397.83542,3.131579096,3.131579096,5755.7901128,3000.0,3004.97623255
17397.84236,2.987713345,2.987713345,5150.85338,3000.0,3004.97623255
17397.85833,2.952755312,2.952755312,5011.021248,3000.0,3004.97623255
17397.8625,2.86401569,2.86401569,4659.661191,3000.0,3004.97623255
17397.88264,2.665023809,2.665023809,3914.0857124,3000.0,3004.97623255
17397.88264,2.626032157,2.626032157,3773.7157652,3000.0,3004.97623255
17397.90278,2.544015234,2.544015234,3489.6517956,3000.0,3004.97623255
17397.90278,2.496956343,2.496956343,3329.9559319,3000.0,3004.97623255
17397.92569,2.440485674,2.440485674,3143.6027242,3000.0,3004.97623255
17397.93264,2.393426784,2.393426784,2989.6230304,3000.0,3004.97623255
17397.97569,2.281829986,2.281829986,2647.3069594,3000.0,3004.97623255
17398.0,2.259168847,2.259168847,2581.5896563,3000.0,3004.97623255
17398.0,2.259168847,2.244168847,2538.0896563,1570.0,1565.35279895
17398.00486,2.248636619,2.233636619,2507.5461951,1570.0,1565.35279895
17398.06181,2.149140679,2.134140679,2225.5939012,1570.0,1565.35279895
17398.10764,2.050989278,2.035989278,1957.1710506,1570.0,1565.35279895
17398.12222,2.1397289,2.1247289,2199.24092,1570.0,1565.35279895
17398.13681,2.424771323,2.409771323,3042.2453659,1570.0,1565.35279895
17398.14931,2.49334285,2.47834285,3268.531405,1570.0,1565.35279895
17398.16944,2.576704313,2.561704313,3549.7946642,1570.0,1565.35279895
17398.19861,2.450317578,2.435317578,3126.5480074,1570.0,1565.35279895
17398.23472,2.282250112,2.267250112,2605.0253248,1570.0,1565.35279895
17398.28611,2.09132547,2.07632547,2066.078769,1570.0,1565.35279895
17398.29722,2.038888421,2.023888421,1924.4987367,1570.0,1565.35279895
17398.32917,2.068468295,2.053468295,2004.3643965,1570.0,1565.35279895
17398.34653,2.014686705,1.999686705,1859.2167625,1570.0,1565.35279895
17398.375,1.977039593,1.962039593,1765.0989825,1570.0,1565.35279895
17398.40833,1.981073212,1.966073212,1775.18303,1570.0,1565.35279895
17398.41667,1.955526957,1.940526957,1711.3173925,1570.0,1565.35279895
17398.42361,1.925947083,1.910947083,1637.3677075,1570.0,1565.35279895
17398.45278,1.899056289,1.884056289,1571.7350936,1570.0,1565.35279895
17398.49861,1.837207461,1.822207461,1423.2979064,1570.0,1565.35279895
17398.50417,1.821072984,1.806072984,1384.5751616,1570.0,1565.35279895
17398.54722,1.755190537,1.740190537,1238.4191814,1570.0,1565.35279895
17398.61181,1.710820726,1.695820726,1141.641452,1570.0,1565.35279895
17398.65347,1.677207233,1.662207233,1074.414466,1570.0,1565.35279895
17398.66528,1.64359374,1.62859374,1007.18748,1570.0,1565.35279895
17398.68264,1.650316438,1.635316438,1020.632876,1570.0,1565.35279895
17398.70278,1.605946627,1.590946627,933.7039286,1570.0,1565.35279895
17398.71667,1.584433991,1.569433991,894.9811838,1570.0,1565.35279895
17398.74028,1.577711293,1.562711293,882.8803274,1570.0,1565.35279895
17398.74306,1.549475958,1.534475958,832.0567244,1570.0,1565.35279895
17398.75139,1.529307863,1.514307863,795.7541534,1570.0,1565.35279895
17398.77986,1.506450687,1.491450687,756.3210992,1570.0,1565.35279895
17398.79444,1.499727988,1.484727988,745.5647808,1570.0,1565.35279895
17398.8,1.478215353,1.463215353,711.1445648,1570.0,1565.35279895
17398.81736,1.448635479,1.433635479,663.8167664,1570.0,1565.35279895
17398.83333,1.449980018,1.434980018,665.9680288,1570.0,1565.35279895
17398.83472,1.428467383,1.413467383,631.5478128,1570.0,1565.35279895
17398.86597,1.408299287,1.393299287,600.6190018,1570.0,1565.35279895
17398.87222,1.448635479,1.433635479,663.8167664,1570.0,1565.35279895
17398.88472,1.474181734,1.459181734,704.6907744,1570.0,1565.35279895
17398.90208,1.484938051,1.469938051,721.9008816,1570.0,1565.35279895
17398.93819,1.459391796,1.444391796,681.0268736,1570.0,1565.35279895
17398.96319,1.496789142,1.481789142,740.8626272,1570.0,1565.35279895
17398.99653,1.481840389,1.466840389,716.9446224,1570.0,1565.35279895
17399.0,1.493416504,1.478416504,735.4664064,1570.0,1565.35279895
17399.0,1.493416504,1.498416504,767.4664064,635.0,633.459292825
17399.00417,1.483307842,1.488307842,751.2925472,635.0,633.459292825
17399.01667,1.500890002,1.505890002,780.6020036,635.0,633.459292825
17399.03611,1.502315582,1.507315582,783.1680476,635.0,633.459292825
17399.04097,1.519897741,1.524897741,814.8159338,635.0,633.459292825
17399.04514,1.502315582,1.507315582,783.1680476,635.0,633.459292825
17399.05417,1.512769839,1.517769839,801.9857102,635.0,633.459292825
17399.06042,1.502315582,1.507315582,783.1680476,635.0,633.459292825
17399.06528,1.52655045,1.53155045,826.79081,635.0,633.459292825
17399.06736,1.502315582,1.507315582,783.1680476,635.0,633.459292825
17399.08472,1.502790776,1.507790776,784.0233968,635.0,633.459292825
17399.10625,1.457647394,1.462647394,710.2358304,635.0,633.459292825
17399.12153,1.460023361,1.465023361,714.0373776,635.0,633.459292825
17399.12639,1.503265969,1.508265969,784.8787442,635.0,633.459292825
17399.13264,1.458122587,1.463122587,710.9961392,635.0,633.459292825
17399.14375,1.459072974,1.464072974,712.5167584,635.0,633.459292825
17399.15417,1.445292363,1.450292363,690.4677808,635.0,633.459292825
17399.17083,1.420107108,1.425107108,650.1713728,635.0,633.459292825
17399.18681,1.402524948,1.407524948,622.0399168,635.0,633.459292825
17399.20764,1.3987234,1.4037234,615.95744,635.0,633.459292825
17399.20903,1.371162178,1.376162178,576.6270492,635.0,633.459292825
17399.22083,1.377814887,1.382814887,585.9408418,635.0,633.459292825
17399.22431,1.364984662,1.369984662,567.9785268,635.0,633.459292825
17399.23333,1.364509469,1.369509469,567.3132566,635.0,633.459292825
17399.25208,1.33742344,1.34242344,529.392816,635.0,633.459292825
17399.25833,1.357381567,1.362381567,557.3341938,635.0,633.459292825
17399.27569,1.335047472,1.340047472,526.0664608,635.0,633.459292825
17399.2875,1.305585476,1.310585476,484.8196664,635.0,633.459292825
17399.29861,1.311287798,1.316287798,492.8029172,635.0,633.459292825
17399.33333,1.295131219,1.300131219,470.1837066,635.0,633.459292825
17399.35694,1.294656025,1.299656025,469.58723,635.0,633.459292825
17399.36875,1.266144416,1.271144416,435.3732992,635.0,633.459292825
17399.37639,1.262342868,1.267342868,430.8114416,635.0,633.459292825
17399.42014,1.240008773,1.245008773,404.0105276,635.0,633.459292825
17399.44375,1.235256839,1.240256839,398.3082068,635.0,633.459292825
17399.45,1.227178549,1.232178549,388.6142588,635.0,633.459292825
17399.45972,1.226228162,1.231228162,387.4737944,635.0,633.459292825
17399.4625,1.199617327,1.204617327,355.5407924,635.0,633.459292825
17399.49167,1.20009252,1.20509252,356.111024,635.0,633.459292825
17399.50208,1.18916307,1.19416307,344.16307,635.0,633.459292825
17399.51667,1.187262296,1.192262296,342.262296,635.0,633.459292825
17399.54167,1.146870849,1.151870849,301.870849,635.0,633.459292825
17399.55347,1.192014231,1.197014231,347.014231,635.0,633.459292825
17399.56806,1.149246816,1.154246816,304.246816,635.0,633.459292825
17399.58403,1.145920462,1.150920462,300.920462,635.0,633.459292825
17399.62778,1.097450725,1.102450725,252.450725,635.0,633.459292825
17399.63681,1.100301886,1.105301886,255.301886,635.0,633.459292825
17399.64653,1.125962335,1.130962335,280.962335,635.0,633.459292825
17399.65833,1.146870849,1.151870849,301.870849,635.0,633.459292825
17399.65903,1.146395655,1.151395655,301.395655,635.0,633.459292825
17399.67153,1.515978862,1.520978862,807.7619516,635.0,633.459292825
17399.68681,1.639130242,1.644130242,1038.260484,635.0,633.459292825
17399.72847,1.657152396,1.662152396,1074.304792,635.0,633.459292825
17399.79931,1.618104397,1.623104397,996.208794,635.0,633.459292825
17399.84722,1.585063783,1.590063783,932.1148094,635.0,633.459292825
17399.88333,1.508469631,1.513469631,794.2453358,635.0,633.459292825
17399.89861,1.538506553,1.543506553,848.3117954,635.0,633.459292825
17399.92083,1.499458555,1.504458555,778.025399,635.0,633.459292825
17399.96875,1.424366249,1.429366249,656.9859984,635.0,633.459292825
17399.99444,1.395831173,1.400831173,611.3298768,635.0,633.459292825
17400.0,1.379728434,1.384728434,588.6198076,635.0,633.459292825
17400.0,1.379728434,1.329728434,511.6198076,1560.0,1563.42979532
17400.08194,1.289713023,1.239713023,397.6556276,1560.0,1563.42979532
17400.09097,1.259676101,1.209676101,361.6113212,1560.0,1563.42979532
17400.10903,1.28286085,1.23286085,389.43302,1560.0,1563.42979532
17400.12222,1.244000582,1.194000582,344.000582,1560.0,1563.42979532
17400.15972,1.226260025,1.176260025,326.260025,1560.0,1563.42979532
17400.17778,1.226260025,1.176260025,326.260025,1560.0,1563.42979532
17400.19028,1.213588198,1.163588198,313.588198,1560.0,1563.42979532
17400.20486,1.189934122,1.139934122,289.934122,1560.0,1563.42979532
17400.22917,1.187399757,1.137399757,287.399757,1560.0,1563.42979532
17400.25208,1.152763431,1.102763431,252.763431,1560.0,1563.42979532
17400.29583,1.132488509,1.082488509,235.9908072,1560.0,1563.42979532
17400.33333,1.11559274,1.06559274,222.474192,1560.0,1563.42979532
17400.39306,1.08349078,1.03349078,196.792624,1560.0,1563.42979532
17400.39306,1.082645991,1.032645991,196.1167928,1560.0,1563.42979532
17400.41181,1.27448829,1.22448829,379.385948,1560.0,1563.42979532
17400.41389,1.068359912,1.018359912,184.6879296,1560.0,1563.42979532
17400.42986,2.924722043,2.874722043,4701.4159677,1560.0,1563.42979532
17400.48681,3.108256289,3.058256289,5444.6764138,1560.0,1563.42979532
17400.61319,2.456393275,2.406393275,3031.0978075,1560.0,1563.42979532
17400.65764,2.215900125,2.165900125,2314.52035,1560.0,1563.42979532
17400.80347,1.810859029,1.760859029,1283.8898638,1560.0,1563.42979532
17401.0,1.465761017,1.415761017,635.2176272,1560.0,1563.42979532
17401.0,1.465761017,1.485761017,747.2176272,2910.0,2914.90083633
17401.01875,1.433790536,1.453790536,696.0648576,2910.0,2914.90083633
17401.17639,1.307215193,1.327215193,508.1012702,2910.0,2914.90083633
17401.34097,1.079379577,1.099379577,249.5036616,2910.0,2914.90083633
17401.35694,2.288404637,2.308404637,2726.0543747,2910.0,2914.90083633
17401.35972,2.450235018,2.470235018,3241.7755594,2910.0,2914.90083633
17401.36458,2.810438122,2.830438122,4528.7086758,2910.0,2914.90083633
17401.37222,2.901793982,2.921793982,4887.175928,2910.0,2914.90083633
17401.38819,2.80260762,2.82260762,4498.169718,2910.0,2914.90083633
17401.42222,3.008810846,3.028810846,5321.0055532,2910.0,2914.90083633
17401.47917,2.80260762,2.82260762,4498.169718,2910.0,2914.90083633
17401.55,2.651217909,2.671217909,3936.3844724,2910.0,2914.90083633
17401.57361,2.677319584,2.697319584,4030.3505024,2910.0,2914.90083633
17401.59931,2.653828077,2.673828077,3945.7810772,2910.0,2914.90083633
17401.63611,2.784336448,2.804336448,4426.9121472,2910.0,2914.90083633
17401.67014,2.935726159,2.955726159,5022.904636,2910.0,2914.90083633
17401.72778,3.128878548,3.148878548,5830.1777564,2910.0,2914.90083633
17401.77153,2.972268502,2.992268502,5169.074008,2910.0,2914.90083633
17401.79514,2.789556783,2.809556783,4447.2714537,2910.0,2914.90083633
17401.80833,2.685150086,2.705150086,4059.0553182,2910.0,2914.90083633
17401.83681,2.588573891,2.608573891,3710.8660076,2910.0,2914.90083633
17401.88681,2.353658823,2.373658823,2928.3423513,2910.0,2914.90083633
17401.92847,2.429353678,2.449353678,3172.8671374,2910.0,2914.90083633
17401.94444,2.340607986,2.360607986,2887.8847566,2910.0,2914.90083633
17401.97014,2.241421624,2.261421624,2588.1227096,2910.0,2914.90083633
17402.0,2.302801342,2.322801342,2770.6841602,2910.0,2914.90083633
17402.0,2.302801342,2.297801342,2693.6238918,1880.0,1885.25167316
17402.01458,2.332777484,2.327777484,2786.1102004,1880.0,1885.25167316
17402.05139,2.257082628,2.252082628,2561.0396212,1880.0,1885.25167316
17402.07431,2.183997941,2.178997941,2351.1942348,1880.0,1885.25167316
17402.10625,2.121353922,2.116353922,2175.7909816,1880.0,1885.25167316
17402.16597,2.001286221,1.996286221,1850.7155525,1880.0,1885.25167316
17402.2,2.084811578,2.079811578,2075.4912606,1880.0,1885.25167316
17402.21042,2.291014805,2.286014805,2659.4429345,1880.0,1885.25167316
17402.25208,2.523319706,2.518319706,3402.2870004,1880.0,1885.25167316
17402.26806,2.481557027,2.476557027,3262.6381891,1880.0,1885.25167316
17402.28611,2.552031547,2.547031547,3499.9072598,1880.0,1885.25167316
17402.35625,2.408472339,2.403472339,3021.4587187,1880.0,1885.25167316
17402.39028,2.277963968,2.272963968,2621.5955072,1880.0,1885.25167316
17402.41389,2.181387773,2.176387773,2343.8857644,1880.0,1885.25167316
17402.48472,2.084811578,2.079811578,2075.4912606,1880.0,1885.25167316
17402.54167,2.011726891,2.006726891,1878.1626057,1880.0,1885.25167316
17402.55208,1.896879524,1.891879524,1590.5108576,1880.0,1885.25167316
17402.62014,1.839015171,1.834015171,1451.6364104,1880.0,1885.25167316
17402.63819,1.810303329,1.805303329,1382.7279896,1880.0,1885.25167316
17402.66181,1.831184669,1.826184669,1432.8432056,1880.0,1885.25167316
17402.69306,1.773760985,1.768760985,1301.274167,1880.0,1885.25167316
17402.72431,1.726777972,1.721777972,1197.9115384,1880.0,1885.25167316
17402.74931,1.720498499,1.715498499,1184.0966978,1880.0,1885.25167316
17402.78194,1.670523554,1.665523554,1081.047108,1880.0,1885.25167316
17402.82569,1.621030765,1.616030765,982.06153,1880.0,1885.25167316
17402.86944,1.554405857,1.549405857,858.9305426,1880.0,1885.25167316
17402.88264,1.569634407,1.564634407,886.3419326,1880.0,1885.25167316
17402.90556,1.527755894,1.522755894,810.9606092,1880.0,1885.25167316
17402.92431,1.489684518,1.484684518,745.4952288,1880.0,1885.25167316
17402.96806,1.474455967,1.469455967,721.1295472,1880.0,1885.25167316
17402.99722,1.424963178,1.419963178,641.9410848,1880.0,1885.25167316
17403.0,1.423665207,1.418665207,639.8643312,1880.0,1885.25167316
17403.0,1.423665207,1.433665207,663.8643312,568.0,564.692643251
17403.01181,1.46064883,1.47064883,723.038128,568.0,564.692643251
17403.04653,1.403541765,1.413541765,631.666824,568.0,564.692643251
17403.10139,1.401638197,1.411638197,628.6211152,568.0,564.692643251
17403.11458,1.435902435,1.445902435,683.443896,568.0,564.692643251
17403.1375,1.424481022,1.434481022,665.1696352,568.0,564.692643251
17403.14722,1.44351671,1.45351671,695.626736,568.0,564.692643251
17403.21042,1.401638197,1.411638197,628.6211152,568.0,564.692643251
17403.23472,1.401638197,1.411638197,628.6211152,568.0,564.692643251
17403.28056,1.357856114,1.367856114,564.9985596,568.0,564.692643251
17403.30694,1.355952545,1.365952545,562.333563,568.0,564.692643251
17403.37569,1.30074905,1.31074905,485.04867,568.0,564.692643251
17403.38125,1.310266894,1.320266894,498.3736516,568.0,564.692643251
17403.42153,1.279809793,1.289809793,457.7717516,568.0,564.692643251
17403.44028,1.247449123,1.257449123,418.9389476,568.0,564.692643251
17403.45556,1.266484811,1.276484811,441.7817732,568.0,564.692643251
17403.50903,1.245545555,1.255545555,416.654666,568.0,564.692643251
17403.55069,1.228413435,1.238413435,396.096122,568.0,564.692643251
17403.63264,1.197956335,1.207956335,359.547602,568.0,564.692643251
17403.66528,1.20557061,1.21557061,368.684732,568.0,564.692643251
17403.70903,1.3159776,1.3259776,506.36864,568.0,564.692643251
17403.72778,1.338820426,1.348820426,538.3485964,568.0,564.692643251
17403.74722,1.386409646,1.396409646,604.9735044,568.0,564.692643251
17403.75486,1.365470389,1.375470389,575.6585446,568.0,564.692643251
17403.77917,1.454938123,1.464938123,713.9009968,568.0,564.692643251
17403.80764,1.414963178,1.424963178,649.9410848,568.0,564.692643251
17403.825,1.466359536,1.476359536,732.1752576,568.0,564.692643251
17403.84028,1.449227417,1.459227417,704.7638672,568.0,564.692643251
17403.85903,1.462552398,1.472552398,726.0838368,568.0,564.692643251
17403.88403,1.462552398,1.472552398,726.0838368,568.0,564.692643251
17403.89375,1.454938123,1.464938123,713.9009968,568.0,564.692643251
17403.9125,1.462552398,1.472552398,726.0838368,568.0,564.692643251
17403.91597,1.448275632,1.458275632,703.2410112,568.0,564.692643251
17403.93958,1.438757788,1.448757788,688.0124608,568.0,564.692643251
17403.95486,1.429239944,1.439239944,672.7839104,568.0,564.692643251
17403.97986,1.398306951,1.408306951,623.2911216,568.0,564.692643251
17404.0,1.403687381,1.413687381,631.8998096,568.0,564.692643251
17404.0,1.403687381,1.413687381,631.8998096,523.0,525.92504039
17404.02083,1.388563689,1.398563689,607.9891646,523.0,525.92504039
17404.02986,1.419496682,1.429496682,657.1946912,523.0,525.92504039
17404.03611,1.384994497,1.394994497,602.9922958,523.0,525.92504039
17404.05417,1.376666384,1.386666384,591.3329376,523.0,525.92504039
17404.08819,1.348112852,1.358112852,551.3579928,523.0,525.92504039
17404.10139,1.350492313,1.360492313,554.6892382,523.0,525.92504039
17404.12986,1.323128511,1.333128511,516.3799154,523.0,525.92504039
17404.14792,1.323128511,1.333128511,516.3799154,523.0,525.92504039
17404.175,1.323128511,1.333128511,516.3799154,523.0,525.92504039
17404.21319,1.275539291,1.285539291,452.6471492,523.0,525.92504039
17404.23472,1.260072794,1.270072794,434.0873528,523.0,525.92504039
17404.26597,1.224380879,1.234380879,391.2570548,523.0,525.92504039
17404.28472,1.24936522,1.25936522,421.238264,523.0,525.92504039
17404.31667,1.189878695,1.199878695,349.878695,523.0,525.92504039
17404.34167,1.173222468,1.183222468,333.222468,523.0,525.92504039
17404.37014,1.204155461,1.214155461,366.9865532,523.0,525.92504039
17404.42361,1.092546212,1.102546212,252.546212,523.0,525.92504039
17404.43611,1.104443517,1.114443517,264.443517,523.0,525.92504039
17404.44028,1.144894354,1.154894354,304.894354,523.0,525.92504039
17404.46042,1.141325163,1.151325163,301.325163,523.0,525.92504039
17404.49514,1.06399268,1.07399268,229.194144,523.0,525.92504039
17404.50486,1.058044027,1.068044027,224.4352216,523.0,525.92504039
17404.52708,1.08897702,1.09897702,249.181616,523.0,525.92504039
17404.56806,1.048526183,1.058526183,216.8209464,523.0,525.92504039
17404.57847,1.06518241,1.07518241,230.145928,523.0,525.92504039
17404.62222,1.06399268,1.07399268,229.194144,523.0,525.92504039
17404.62847,1.104443517,1.114443517,264.443517,523.0,525.92504039
17404.64653,1.115151092,1.125151092,275.151092,523.0,525.92504039
17404.66667,1.115151092,1.125151092,275.151092,523.0,525.92504039
17404.68889,1.144894354,1.154894354,304.894354,523.0,525.92504039
17404.70833,1.143704624,1.153704624,303.704624,523.0,525.92504039
17404.71319,1.122289475,1.132289475,282.289475,523.0,525.92504039
17404.73889,1.15798139,1.16798139,317.98139,523.0,525.92504039
17404.76181,1.152032737,1.162032737,312.032737,523.0,525.92504039
17404.77847,1.124668936,1.134668936,284.668936,523.0,525.92504039
17404.79861,1.171068425,1.181068425,331.068425,523.0,525.92504039
17404.82361,1.34714854,1.35714854,550.007956,523.0,525.92504039
17404.84028,1.498244313,1.508244313,784.8397634,523.0,525.92504039
17404.85486,1.545833534,1.555833534,870.5003612,523.0,525.92504039
17404.88681,1.429239944,1.439239944,672.7839104,523.0,525.92504039
17404.91042,1.483967547,1.493967547,760.3480752,523.0,525.92504039
17404.91528,1.549402725,1.559402725,876.924905,523.0,525.92504039
17404.92847,1.710016343,1.720016343,1194.0359546,523.0,525.92504039
17404.93403,1.86944023,1.87944023,1560.656552,523.0,525.92504039
17404.94514,2.018156543,2.028156543,1936.0226661,523.0,525.92504039
17404.96042,2.143078246,2.153078246,2278.6190888,523.0,525.92504039
17404.97361,2.041951153,2.051951153,2000.2681131,523.0,525.92504039
17404.99167,1.991982472,2.001982472,1865.3526744,523.0,525.92504039
17404.99583,1.928926755,1.938926755,1707.3168875,523.0,525.92504039
17405.0,1.927349339,1.937349339,1703.3733475,523.0,525.92504039
17405.0,1.927349339,1.907349339,1628.3733475,503.0,501.980474334
17405.00417,1.895771923,1.875771923,1551.8526152,503.0,501.980474334
17405.00972,1.847803368,1.827803368,1436.7280832,503.0,501.980474334
17405.02083,1.828290735,1.808290735,1389.897764,503.0,501.980474334
17405.02639,1.799021786,1.779021786,1323.8479292,503.0,501.980474334
17405.0375,1.748614151,1.728614151,1212.9511322,503.0,501.980474334
17405.04792,1.698206516,1.678206516,1106.413032,503.0,501.980474334
17405.06389,1.688450199,1.668450199,1086.900398,503.0,501.980474334
17405.07847,1.704710727,1.684710727,1119.421454,503.0,501.980474334
17405.09444,1.716093096,1.696093096,1142.186192,503.0,501.980474334
17405.1125,1.69495441,1.67495441,1099.90882,503.0,501.980474334
17405.12986,1.646985855,1.626985855,1003.97171,503.0,501.980474334
17405.15,1.59657822,1.57657822,907.840796,503.0,501.980474334
17405.17986,1.497389003,1.477389003,733.8224048,503.0,501.980474334
17405.19097,1.479502423,1.459502423,705.2038768,503.0,501.980474334
17405.19722,1.440477157,1.420477157,642.7634512,503.0,501.980474334
17405.20556,1.433972946,1.413972946,632.3567136,503.0,501.980474334
17405.20833,1.400638865,1.380638865,582.894411,503.0,501.980474334
17405.22083,1.382752285,1.362752285,557.853199,503.0,501.980474334
17405.23194,1.338848861,1.318848861,496.3884054,503.0,501.980474334
17405.25278,1.291693332,1.271693332,436.0319984,503.0,501.980474334
17405.26597,1.283563068,1.263563068,426.2756816,503.0,501.980474334
17405.32222,1.211203721,1.191203721,341.203721,503.0,501.980474334
17405.34167,1.207951616,1.187951616,337.951616,503.0,501.980474334
17405.42083,1.141283453,1.121283453,271.283453,503.0,501.980474334
17405.46111,1.090062792,1.070062792,226.0502336,503.0,501.980474334
17405.46944,1.075428318,1.055428318,214.3426544,503.0,501.980474334
17405.48403,1.03233792,1.01233792,179.870336,503.0,501.980474334
17405.49861,1.058354764,1.038354764,200.6838112,503.0,501.980474334
17405.52917,1.007134103,0.987134103,162.53777974,503.0,501.980474334
17405.54097,1.035590025,1.015590025,182.47202,503.0,501.980474334
17405.56111,1.006321076,0.986321076,162.06622408,503.0,501.980474334
17405.58264,1.003881997,0.983881997,160.65155826,503.0,501.980474334
17405.62222,0.961604626,0.941604626,136.13068308,503.0,501.980474334
17405.65486,0.953474362,0.933474362,131.41512996,503.0,501.980474334
17405.70069,0.950222257,0.930222257,129.52890906,503.0,501.980474334
17405.72222,0.921766334,0.901766334,113.02447372,503.0,501.980474334
17405.74861,0.94940923,0.92940923,129.0573534,503.0,501.980474334
17405.76597,0.925018439,0.905018439,114.91069462,503.0,501.980474334
17405.80347,0.89574949,0.87574949,101.8147858,503.0,501.980474334
17405.81944,0.887077209,0.867077209,98.17242778,503.0,501.980474334
17405.87153,0.85780826,0.83780826,85.8794692,503.0,501.980474334
17405.91458,1.302463422,1.282463422,448.9561064,503.0,501.980474334
17405.91736,1.908880719,1.888880719,1583.3137256,503.0,501.980474334
17405.925,1.955132886,1.935132886,1697.832215,503.0,501.980474334
17405.97083,1.834363339,1.814363339,1404.4720136,503.0,501.980474334
17406.0,1.781259,1.761259,1284.7698,503.0,501.980474334
17406.0,1.781259,1.766259,1295.7698,473.0,470.69255816
17406.01458,1.75470683,1.73970683,1237.355026,473.0,470.69255816
17406.05833,1.677619885,1.662619885,1075.23977,473.0,470.69255816
17406.07917,1.595393811,1.580393811,914.7088598,473.0,470.69255816
17406.08681,1.659632931,1.644632931,1039.265862,473.0,470.69255816
17406.13056,1.574837292,1.559837292,877.7071256,473.0,470.69255816
17406.16875,1.544002515,1.529002515,822.204527,473.0,470.69255816
17406.25139,1.443789487,1.428789487,656.0631792,473.0,470.69255816
17406.28472,1.400106885,1.385106885,589.149639,473.0,470.69255816
17406.30764,1.394967755,1.379967755,581.954857,473.0,470.69255816
17406.36181,1.329965795,1.314965795,490.952113,473.0,470.69255816
17406.37569,1.32671369,1.31171369,486.399166,473.0,470.69255816
17406.37708,1.300696846,1.285696846,452.8362152,473.0,470.69255816
17406.40833,1.29744474,1.28244474,448.933688,473.0,470.69255816
17406.42361,1.272511932,1.257511932,419.0143184,473.0,470.69255816
17406.45486,1.262755615,1.247755615,407.306738,473.0,470.69255816
17406.47431,1.237822807,1.222822807,377.3873684,473.0,470.69255816
17406.49653,1.234570701,1.219570701,373.4848412,473.0,470.69255816
17406.54722,1.19229333,1.17729333,327.29333,473.0,470.69255816
17406.61319,1.144595783,1.129595783,279.595783,473.0,470.69255816
17406.63403,1.177116838,1.162116838,312.116838,473.0,470.69255816
17406.66111,1.108822623,1.093822623,245.0580984,473.0,470.69255816
17406.67292,1.093646131,1.078646131,232.9169048,473.0,470.69255816
17406.69931,1.088225955,1.073225955,228.580764,473.0,470.69255816
17406.71667,1.067629287,1.052629287,212.1034296,473.0,470.69255816
17406.73125,1.119662974,1.104662974,254.662974,473.0,470.69255816
17406.75208,1.069797357,1.054797357,213.8378856,473.0,470.69255816
17406.77153,1.038360338,1.023360338,188.6882704,473.0,470.69255816
17406.78819,1.027894714,1.012894714,180.3157712,473.0,470.69255816
17407.0,1.027894714,1.012894714,180.3157712,473.0,470.69255816
17407.0,1.027894714,0.832894714,83.81577988,83.0,83.81577988
