19550.000000,-0.52,1952.00,1,1,1953,7,13
19550.451389,-0.52,1952.00,1,1,1953,7,13
19550.807639,-0.53,1952.00,1,1,1953,7,13
19551.000000,-0.53,1952.00,1,1,1953,7,13
19551.236111,-0.53,1952.00,1,1,1953,7,13
19551.365278,-0.53,1952.00,1,1,1953,7,13
19551.401389,-0.53,1952.00,1,1,1953,7,13
19551.504861,-0.53,1952.00,1,1,1953,7,13
19551.708333,-0.53,1952.00,1,1,1953,7,13
19551.832639,-0.53,1952.00,1,1,1953,7,13
19552.000000,-0.55,1952.00,1,1,1953,7,13
19552.354861,-0.55,1952.00,1,1,1953,7,13
19552.476389,-0.55,1952.00,1,1,1953,7,13
19552.661111,-0.55,1952.00,1,1,1953,7,13
19552.687500,-0.56,1952.00,1,1,1953,7,13
19552.831944,-0.24,1952.00,1,1,1953,7,13
19552.834028,0.80,1952.00,1,1,1953,7,13
19552.840278,0.81,1952.00,1,1,1953,7,13
19552.846528,0.80,1952.00,1,1,1953,7,13
19552.872222,0.71,1952.00,1,1,1953,7,13
19552.897917,0.64,1952.00,1,1,1953,7,13
19552.909028,0.60,1952.00,1,1,1953,7,13
19552.926389,0.55,1952.00,1,1,1953,7,13
19552.950694,0.49,1952.00,1,1,1953,7,13
19552.984722,0.43,1952.00,1,1,1953,7,13
19553.000000,0.40,1953.00,7,13,1953,9,30
19553.003472,0.39,1953.00,7,13,1953,9,30
19553.030556,0.36,1953.00,7,13,1953,9,30
19553.064583,0.33,1953.00,7,13,1953,9,30
19553.103472,0.30,1953.00,7,13,1953,9,30
19553.138194,0.28,1953.00,7,13,1953,9,30
19553.197222,0.25,1953.00,7,13,1953,9,30
19553.203472,0.50,1953.00,7,13,1953,9,30
19553.206250,0.57,1953.00,7,13,1953,9,30
19553.213889,0.60,1953.00,7,13,1953,9,30
19553.225694,0.61,1953.00,7,13,1953,9,30
19553.238194,0.60,1953.00,7,13,1953,9,30
19553.253472,0.74,1953.00,7,13,1953,9,30
19553.254167,0.59,1953.00,7,13,1953,9,30
19553.255556,1.64,1953.00,7,13,1953,9,30
19553.260417,1.99,1953.00,7,13,1953,9,30
19553.263889,2.26,1953.00,7,13,1953,9,30
19553.275000,2.55,1953.00,7,13,1953,9,30
19553.275694,2.61,1953.00,7,13,1953,9,30
19553.281250,2.65,1953.00,7,13,1953,9,30
19553.285417,2.76,1953.00,7,13,1953,9,30
19553.288889,2.59,1953.00,7,13,1953,9,30
19553.290278,2.78,1953.00,7,13,1953,9,30
19553.296528,2.84,1953.00,7,13,1953,9,30
19553.298611,2.91,1953.00,7,13,1953,9,30
19553.304861,2.98,1953.00,7,13,1953,9,30
19553.312500,2.94,1953.00,7,13,1953,9,30
19553.318056,3.01,1953.00,7,13,1953,9,30
19553.333333,3.05,1953.00,7,13,1953,9,30
19553.342361,2.96,1953.00,7,13,1953,9,30
19553.357639,2.91,1953.00,7,13,1953,9,30
19553.360417,2.86,1953.00,7,13,1953,9,30
19553.381944,2.82,1953.00,7,13,1953,9,30
19553.389583,2.81,1953.00,7,13,1953,9,30
19553.392361,2.79,1953.00,7,13,1953,9,30
19553.409722,2.78,1953.00,7,13,1953,9,30
19553.436111,2.80,1953.00,7,13,1953,9,30
19553.492361,2.90,1953.00,7,13,1953,9,30
19553.508333,2.88,1953.00,7,13,1953,9,30
19553.535417,2.86,1953.00,7,13,1953,9,30
19553.547917,2.85,1953.00,7,13,1953,9,30
19553.581944,2.83,1953.00,7,13,1953,9,30
19553.623611,2.75,1953.00,7,13,1953,9,30
19553.665972,2.51,1953.00,7,13,1953,9,30
19553.703472,2.44,1953.00,7,13,1953,9,30
19553.724306,2.40,1953.00,7,13,1953,9,30
19553.738889,2.35,1953.00,7,13,1953,9,30
19553.756250,2.27,1953.00,7,13,1953,9,30
19553.778472,2.19,1953.00,7,13,1953,9,30
19553.799306,2.13,1953.00,7,13,1953,9,30
19553.838194,2.02,1953.00,7,13,1953,9,30
19553.847222,1.97,1953.00,7,13,1953,9,30
19553.854167,1.94,1953.00,7,13,1953,9,30
19553.885417,1.86,1953.00,7,13,1953,9,30
19553.915972,1.75,1953.00,7,13,1953,9,30
19553.965278,1.59,1953.00,7,13,1953,9,30
19553.981250,1.57,1953.00,7,13,1953,9,30
19553.994444,1.57,1953.00,7,13,1953,9,30
19554.000000,1.61,1953.00,7,13,1953,9,30
19554.002778,1.60,1953.00,7,13,1953,9,30
19554.039583,1.52,1953.00,7,13,1953,9,30
19554.061806,1.47,1953.00,7,13,1953,9,30
19554.081944,1.43,1953.00,7,13,1953,9,30
19554.106944,1.40,1953.00,7,13,1953,9,30
19554.140972,1.38,1953.00,7,13,1953,9,30
19554.172222,1.34,1953.00,7,13,1953,9,30
19554.217361,1.30,1953.00,7,13,1953,9,30
19554.243750,1.28,1953.00,7,13,1953,9,30
19554.250000,1.30,1953.00,7,13,1953,9,30
19554.333333,1.25,1953.00,7,13,1953,9,30
19554.416667,1.21,1953.00,7,13,1953,9,30
19554.500000,1.16,1953.00,7,13,1953,9,30
19554.593056,1.09,1953.00,7,13,1953,9,30
19554.617361,1.09,1953.00,7,13,1953,9,30
19554.641667,1.08,1953.00,7,13,1953,9,30
19554.654861,1.07,1953.00,7,13,1953,9,30
19554.733333,1.02,1953.00,7,13,1953,9,30
19554.748611,1.02,1953.00,7,13,1953,9,30
19554.781944,0.98,1953.00,7,13,1953,9,30
19554.807639,1.00,1953.00,7,13,1953,9,30
19554.824306,0.99,1953.00,7,13,1953,9,30
19554.871528,0.96,1953.00,7,13,1953,9,30
19554.879167,0.94,1953.00,7,13,1953,9,30
19554.883333,0.95,1953.00,7,13,1953,9,30
19554.900000,0.95,1953.00,7,13,1953,9,30
19554.906250,0.99,1953.00,7,13,1953,9,30
19554.918750,1.00,1953.00,7,13,1953,9,30
19554.945833,0.95,1953.00,7,13,1953,9,30
19554.974306,0.95,1953.00,7,13,1953,9,30
19555.000000,0.925098352,1953.00,7,13,1953,9,30
19555.048611,0.93,1953.00,7,13,1953,9,30
19555.106250,0.91,1953.00,7,13,1953,9,30
19555.130556,0.90,1953.00,7,13,1953,9,30
19555.186111,0.88,1953.00,7,13,1953,9,30
19555.217361,0.87,1953.00,7,13,1953,9,30
19555.246528,0.86,1953.00,7,13,1953,9,30
19555.272917,0.85,1953.00,7,13,1953,9,30
19555.291667,0.86,1953.00,7,13,1953,9,30
19555.297917,0.85,1953.00,7,13,1953,9,30
19555.357639,0.85,1953.00,7,13,1953,9,30
19555.392361,0.85,1953.00,7,13,1953,9,30
19555.419444,0.84,1953.00,7,13,1953,9,30
19555.439583,0.84,1953.00,7,13,1953,9,30
19555.474306,0.84,1953.00,7,13,1953,9,30
19555.510417,0.83,1953.00,7,13,1953,9,30
19555.523611,0.83,1953.00,7,13,1953,9,30
19555.582639,0.83,1953.00,7,13,1953,9,30
19555.625694,0.82,1953.00,7,13,1953,9,30
19555.649306,0.82,1953.00,7,13,1953,9,30
19555.660417,0.82,1953.00,7,13,1953,9,30
19555.694444,0.82,1953.00,7,13,1953,9,30
19555.756250,0.81,1953.00,7,13,1953,9,30
19555.786111,0.81,1953.00,7,13,1953,9,30
19555.802778,0.81,1953.00,7,13,1953,9,30
19555.820139,0.81,1953.00,7,13,1953,9,30
19555.828472,0.81,1953.00,7,13,1953,9,30
19555.837500,0.80,1953.00,7,13,1953,9,30
19555.863194,0.80,1953.00,7,13,1953,9,30
19555.870139,0.81,1953.00,7,13,1953,9,30
19555.893056,0.81,1953.00,7,13,1953,9,30
19555.929861,0.80,1953.00,7,13,1953,9,30
19555.975694,0.80,1953.00,7,13,1953,9,30
19555.981250,0.79,1953.00,7,13,1953,9,30
19555.996528,0.79,1953.00,7,13,1953,9,30
19556.000000,0.78,1953.00,7,13,1953,9,30
19556.002083,0.81,1953.00,7,13,1953,9,30
19556.031250,0.80,1953.00,7,13,1953,9,30
19556.037500,0.77,1953.00,7,13,1953,9,30
19556.040972,0.81,1953.00,7,13,1953,9,30
19556.048611,0.81,1953.00,7,13,1953,9,30
19556.061806,0.79,1953.00,7,13,1953,9,30
19556.075694,0.79,1953.00,7,13,1953,9,30
19556.098611,0.77,1953.00,7,13,1953,9,30
19556.111111,0.77,1953.00,7,13,1953,9,30
19556.160417,0.74,1953.00,7,13,1953,9,30
19556.186806,0.74,1953.00,7,13,1953,9,30
19556.200000,0.76,1953.00,7,13,1953,9,30
19556.202083,0.80,1953.00,7,13,1953,9,30
19556.208333,0.81,1953.00,7,13,1953,9,30
19556.238889,0.81,1953.00,7,13,1953,9,30
19556.265972,0.81,1953.00,7,13,1953,9,30
19556.289583,0.79,1953.00,7,13,1953,9,30
19556.304861,0.79,1953.00,7,13,1953,9,30
19556.327083,0.77,1953.00,7,13,1953,9,30
19556.450694,0.77,1953.00,7,13,1953,9,30
19556.504861,0.75,1953.00,7,13,1953,9,30
19556.518750,0.75,1953.00,7,13,1953,9,30
19556.527083,0.74,1953.00,7,13,1953,9,30
19556.549306,0.74,1953.00,7,13,1953,9,30
19556.567361,0.73,1953.00,7,13,1953,9,30
19556.601389,0.73,1953.00,7,13,1953,9,30
19556.629861,0.73,1953.00,7,13,1953,9,30
19556.650694,0.71,1953.00,7,13,1953,9,30
19556.667361,0.71,1953.00,7,13,1953,9,30
19556.722222,0.71,1953.00,7,13,1953,9,30
19556.745139,0.70,1953.00,7,13,1953,9,30
19556.762500,0.69,1953.00,7,13,1953,9,30
19556.771528,0.69,1953.00,7,13,1953,9,30
19556.840972,0.65,1953.00,7,13,1953,9,30
19556.855556,0.65,1953.00,7,13,1953,9,30
19556.861806,0.65,1953.00,7,13,1953,9,30
19556.900000,0.65,1953.00,7,13,1953,9,30
19556.903472,0.64,1953.00,7,13,1953,9,30
19556.944444,0.64,1953.00,7,13,1953,9,30
19556.959722,0.64,1953.00,7,13,1953,9,30
19556.981250,0.63,1953.00,7,13,1953,9,30
19556.993056,0.63,1953.00,7,13,1953,9,30
19557.000000,0.66,1953.00,7,13,1953,9,30
19557.027083,0.64,1953.00,7,13,1953,9,30
19557.056944,0.63,1953.00,7,13,1953,9,30
19557.082639,0.63,1953.00,7,13,1953,9,30
19557.088194,0.63,1953.00,7,13,1953,9,30
19557.101389,0.68,1953.00,7,13,1953,9,30
19557.111111,0.71,1953.00,7,13,1953,9,30
19557.123611,0.73,1953.00,7,13,1953,9,30
19557.145139,0.74,1953.00,7,13,1953,9,30
19557.178472,0.74,1953.00,7,13,1953,9,30
19557.197917,0.74,1953.00,7,13,1953,9,30
19557.210417,0.73,1953.00,7,13,1953,9,30
19557.254167,0.74,1953.00,7,13,1953,9,30
19557.266667,0.73,1953.00,7,13,1953,9,30
19557.314583,0.73,1953.00,7,13,1953,9,30
19557.340972,0.72,1953.00,7,13,1953,9,30
19557.352083,0.72,1953.00,7,13,1953,9,30
19557.356250,0.72,1953.00,7,13,1953,9,30
19557.367361,0.71,1953.00,7,13,1953,9,30
19557.369444,0.71,1953.00,7,13,1953,9,30
19557.432639,0.70,1953.00,7,13,1953,9,30
19557.441667,0.70,1953.00,7,13,1953,9,30
19557.464583,0.70,1953.00,7,13,1953,9,30
19557.481944,0.68,1953.00,7,13,1953,9,30
19557.495833,0.68,1953.00,7,13,1953,9,30
19557.505556,0.67,1953.00,7,13,1953,9,30
19557.514583,0.67,1953.00,7,13,1953,9,30
19557.527778,0.66,1953.00,7,13,1953,9,30
19557.550000,0.66,1953.00,7,13,1953,9,30
19557.556250,0.65,1953.00,7,13,1953,9,30
19557.572222,0.65,1953.00,7,13,1953,9,30
19557.594444,0.64,1953.00,7,13,1953,9,30
19557.632639,0.60,1953.00,7,13,1953,9,30
19557.648611,0.59,1953.00,7,13,1953,9,30
19557.650000,0.85,1953.00,7,13,1953,9,30
19557.650694,0.65,1953.00,7,13,1953,9,30
19557.652778,1.86,1953.00,7,13,1953,9,30
19557.656944,2.13,1953.00,7,13,1953,9,30
19557.658333,2.27,1953.00,7,13,1953,9,30
19557.661111,2.30,1953.00,7,13,1953,9,30
19557.667361,2.31,1953.00,7,13,1953,9,30
19557.681944,2.40,1953.00,7,13,1953,9,30
19557.687500,2.34,1953.00,7,13,1953,9,30
19557.704167,2.31,1953.00,7,13,1953,9,30
19557.733333,2.27,1953.00,7,13,1953,9,30
19557.771528,2.29,1953.00,7,13,1953,9,30
19557.815278,2.32,1953.00,7,13,1953,9,30
19557.848611,2.30,1953.00,7,13,1953,9,30
19557.882639,2.34,1953.00,7,13,1953,9,30
19557.906944,2.32,1953.00,7,13,1953,9,30
19557.954167,2.44,1953.00,7,13,1953,9,30
19557.996528,2.34,1953.00,7,13,1953,9,30
19558.000000,2.34,1953.00,7,13,1953,9,30
19558.031250,2.25,1953.00,7,13,1953,9,30
19558.050694,2.18,1953.00,7,13,1953,9,30
19558.079861,2.10,1953.00,7,13,1953,9,30
19558.126389,2.02,1953.00,7,13,1953,9,30
19558.146528,1.99,1953.00,7,13,1953,9,30
19558.186111,2.04,1953.00,7,13,1953,9,30
19558.225694,1.99,1953.00,7,13,1953,9,30
19558.271528,2.04,1953.00,7,13,1953,9,30
19558.364583,1.91,1953.00,7,13,1953,9,30
19558.375694,1.95,1953.00,7,13,1953,9,30
19558.379167,2.01,1953.00,7,13,1953,9,30
19558.382639,2.06,1953.00,7,13,1953,9,30
19558.385417,2.12,1953.00,7,13,1953,9,30
19558.395833,2.34,1953.00,7,13,1953,9,30
19558.397917,2.38,1953.00,7,13,1953,9,30
19558.409028,2.52,1953.00,7,13,1953,9,30
19558.420833,2.57,1953.00,7,13,1953,9,30
19558.446528,2.67,1953.00,7,13,1953,9,30
19558.500000,2.85,1953.00,7,13,1953,9,30
19558.534028,2.92,1953.00,7,13,1953,9,30
19558.588889,3.04,1953.00,7,13,1953,9,30
19558.625694,3.15,1953.00,7,13,1953,9,30
19558.691667,3.30,1953.00,7,13,1953,9,30
19558.704861,3.34,1953.00,7,13,1953,9,30
19558.710417,3.37,1953.00,7,13,1953,9,30
19558.718056,3.29,1953.00,7,13,1953,9,30
19558.719444,3.21,1953.00,7,13,1953,9,30
19558.728472,3.15,1953.00,7,13,1953,9,30
19558.734028,3.07,1953.00,7,13,1953,9,30
19558.734722,3.11,1953.00,7,13,1953,9,30
19558.744444,3.03,1953.00,7,13,1953,9,30
19558.752778,2.99,1953.00,7,13,1953,9,30
19558.783333,2.95,1953.00,7,13,1953,9,30
19558.799306,3.03,1953.00,7,13,1953,9,30
19558.811111,3.09,1953.00,7,13,1953,9,30
19558.816667,3.12,1953.00,7,13,1953,9,30
19558.818750,3.14,1953.00,7,13,1953,9,30
19558.835417,3.18,1953.00,7,13,1953,9,30
19558.846528,3.39,1953.00,7,13,1953,9,30
19558.862500,3.16,1953.00,7,13,1953,9,30
19558.867361,3.04,1953.00,7,13,1953,9,30
19558.874306,2.94,1953.00,7,13,1953,9,30
19558.880556,2.83,1953.00,7,13,1953,9,30
19558.882639,2.80,1953.00,7,13,1953,9,30
19558.888889,2.79,1953.00,7,13,1953,9,30
19558.890278,2.71,1953.00,7,13,1953,9,30
19558.897917,2.64,1953.00,7,13,1953,9,30
19558.904167,2.58,1953.00,7,13,1953,9,30
19558.909722,2.54,1953.00,7,13,1953,9,30
19558.923611,2.47,1953.00,7,13,1953,9,30
19558.938889,2.38,1953.00,7,13,1953,9,30
19558.943750,2.35,1953.00,7,13,1953,9,30
19558.954167,2.29,1953.00,7,13,1953,9,30
19558.968750,2.24,1953.00,7,13,1953,9,30
19558.999306,2.12,1953.00,7,13,1953,9,30
19559.000000,2.12,1953.00,7,13,1953,9,30
19559.027083,2.04,1953.00,7,13,1953,9,30
19559.061806,2.12,1953.00,7,13,1953,9,30
19559.087500,2.18,1953.00,7,13,1953,9,30
19559.116667,2.30,1953.00,7,13,1953,9,30
19559.142361,2.36,1953.00,7,13,1953,9,30
19559.183333,2.36,1953.00,7,13,1953,9,30
19559.211806,2.37,1953.00,7,13,1953,9,30
19559.263889,2.48,1953.00,7,13,1953,9,30
19559.282639,2.52,1953.00,7,13,1953,9,30
19559.295833,2.52,1953.00,7,13,1953,9,30
19559.321528,2.49,1953.00,7,13,1953,9,30
19559.330556,2.48,1953.00,7,13,1953,9,30
19559.348611,2.40,1953.00,7,13,1953,9,30
19559.359722,2.33,1953.00,7,13,1953,9,30
19559.364583,2.31,1953.00,7,13,1953,9,30
19559.370139,2.25,1953.00,7,13,1953,9,30
19559.379861,2.19,1953.00,7,13,1953,9,30
19559.386806,2.15,1953.00,7,13,1953,9,30
19559.405556,2.05,1953.00,7,13,1953,9,30
19559.421528,2.04,1953.00,7,13,1953,9,30
19559.439583,1.98,1953.00,7,13,1953,9,30
19559.458333,1.91,1953.00,7,13,1953,9,30
19559.466667,1.87,1953.00,7,13,1953,9,30
19559.504861,1.84,1953.00,7,13,1953,9,30
19559.509722,1.83,1953.00,7,13,1953,9,30
19559.513889,1.81,1953.00,7,13,1953,9,30
19559.525694,1.79,1953.00,7,13,1953,9,30
19559.535417,1.77,1953.00,7,13,1953,9,30
19559.542361,1.75,1953.00,7,13,1953,9,30
19559.555556,1.73,1953.00,7,13,1953,9,30
19559.568750,1.71,1953.00,7,13,1953,9,30
19559.578472,1.69,1953.00,7,13,1953,9,30
19559.588194,1.67,1953.00,7,13,1953,9,30
19559.590278,1.66,1953.00,7,13,1953,9,30
19559.595139,1.65,1953.00,7,13,1953,9,30
19559.610417,1.67,1953.00,7,13,1953,9,30
19559.622222,1.65,1953.00,7,13,1953,9,30
19559.629167,1.63,1953.00,7,13,1953,9,30
19559.636806,1.62,1953.00,7,13,1953,9,30
19559.655556,1.60,1953.00,7,13,1953,9,30
19559.670139,1.63,1953.00,7,13,1953,9,30
19559.677083,1.63,1953.00,7,13,1953,9,30
19559.704861,1.60,1953.00,7,13,1953,9,30
19559.719444,1.58,1953.00,7,13,1953,9,30
19559.742361,1.57,1953.00,7,13,1953,9,30
19559.761111,1.56,1953.00,7,13,1953,9,30
19559.800000,1.55,1953.00,7,13,1953,9,30
19559.818056,1.54,1953.00,7,13,1953,9,30
19559.845833,1.54,1953.00,7,13,1953,9,30
19559.871528,1.53,1953.00,7,13,1953,9,30
19559.895139,1.52,1953.00,7,13,1953,9,30
19559.911806,1.52,1953.00,7,13,1953,9,30
19559.926389,1.51,1953.00,7,13,1953,9,30
19559.944444,1.51,1953.00,7,13,1953,9,30
19559.954167,1.52,1953.00,7,13,1953,9,30
19559.958333,1.52,1953.00,7,13,1953,9,30
19559.962500,1.53,1953.00,7,13,1953,9,30
19559.967361,1.54,1953.00,7,13,1953,9,30
19559.969444,1.57,1953.00,7,13,1953,9,30
19559.984028,1.59,1953.00,7,13,1953,9,30
19560.000000,1.61,1953.00,7,13,1953,9,30
19560.009722,1.61,1953.00,7,13,1953,9,30
19560.026389,1.62,1953.00,7,13,1953,9,30
19560.032639,1.62,1953.00,7,13,1953,9,30
19560.045139,1.63,1953.00,7,13,1953,9,30
19560.050000,1.63,1953.00,7,13,1953,9,30
19560.064583,1.60,1953.00,7,13,1953,9,30
19560.067361,1.61,1953.00,7,13,1953,9,30
19560.079861,1.63,1953.00,7,13,1953,9,30
19560.083333,1.62,1953.00,7,13,1953,9,30
19560.090278,1.61,1953.00,7,13,1953,9,30
19560.098611,1.61,1953.00,7,13,1953,9,30
19560.106944,1.63,1953.00,7,13,1953,9,30
19560.153472,1.60,1953.00,7,13,1953,9,30
19560.168056,1.60,1953.00,7,13,1953,9,30
19560.177083,1.59,1953.00,7,13,1953,9,30
19560.183333,1.59,1953.00,7,13,1953,9,30
19560.196528,1.57,1953.00,7,13,1953,9,30
19560.206944,1.56,1953.00,7,13,1953,9,30
19560.375000,1.40,1953.00,7,13,1953,9,30
19560.500000,1.30,1953.00,7,13,1953,9,30
19560.556250,1.28,1953.00,7,13,1953,9,30
19560.568750,1.27,1953.00,7,13,1953,9,30
19560.592361,1.26,1953.00,7,13,1953,9,30
19560.604167,1.25,1953.00,7,13,1953,9,30
19560.606250,1.24,1953.00,7,13,1953,9,30
19560.611111,1.23,1953.00,7,13,1953,9,30
19560.629861,1.24,1953.00,7,13,1953,9,30
19560.643750,1.22,1953.00,7,13,1953,9,30
19560.651389,1.22,1953.00,7,13,1953,9,30
19560.665278,1.21,1953.00,7,13,1953,9,30
19560.668056,1.20,1953.00,7,13,1953,9,30
19560.679167,1.20,1953.00,7,13,1953,9,30
19560.693750,1.19,1953.00,7,13,1953,9,30
19560.707639,1.19,1953.00,7,13,1953,9,30
19560.713194,1.18,1953.00,7,13,1953,9,30
19560.726389,1.17,1953.00,7,13,1953,9,30
19560.730556,1.17,1953.00,7,13,1953,9,30
19560.734722,1.16,1953.00,7,13,1953,9,30
19560.747222,1.17,1953.00,7,13,1953,9,30
19560.773611,1.15,1953.00,7,13,1953,9,30
19560.775694,1.14,1953.00,7,13,1953,9,30
19560.790972,1.14,1953.00,7,13,1953,9,30
19560.823611,1.13,1953.00,7,13,1953,9,30
19560.830556,1.12,1953.00,7,13,1953,9,30
19560.856944,1.12,1953.00,7,13,1953,9,30
19560.876389,1.11,1953.00,7,13,1953,9,30
19560.890278,1.11,1953.00,7,13,1953,9,30
19560.893056,1.10,1953.00,7,13,1953,9,30
19560.914583,1.10,1953.00,7,13,1953,9,30
19560.939583,1.09,1953.00,7,13,1953,9,30
19560.961806,1.09,1953.00,7,13,1953,9,30
19560.963889,1.08,1953.00,7,13,1953,9,30
19560.973611,1.09,1953.00,7,13,1953,9,30
19560.995833,1.06,1953.00,7,13,1953,9,30
19561.000000,1.05,1953.00,7,13,1953,9,30
19561.005556,1.05,1953.00,7,13,1953,9,30
19561.048611,1.05,1953.00,7,13,1953,9,30
19561.079861,1.02,1953.00,7,13,1953,9,30
19561.101389,1.00,1953.00,7,13,1953,9,30
19561.104167,0.99,1953.00,7,13,1953,9,30
19561.113194,0.99,1953.00,7,13,1953,9,30
19561.123611,1.00,1953.00,7,13,1953,9,30
19561.131944,1.00,1953.00,7,13,1953,9,30
19561.159028,0.98,1953.00,7,13,1953,9,30
19561.168056,0.98,1953.00,7,13,1953,9,30
19561.183333,0.99,1953.00,7,13,1953,9,30
19561.196528,0.99,1953.00,7,13,1953,9,30
19561.227083,0.96,1953.00,7,13,1953,9,30
19561.249306,0.95,1953.00,7,13,1953,9,30
19561.252778,0.99,1953.00,7,13,1953,9,30
19561.256250,1.01,1953.00,7,13,1953,9,30
19561.262500,1.02,1953.00,7,13,1953,9,30
19561.268056,1.02,1953.00,7,13,1953,9,30
19561.283333,0.99,1953.00,7,13,1953,9,30
19561.297917,0.96,1953.00,7,13,1953,9,30
19561.320833,0.96,1953.00,7,13,1953,9,30
19561.332639,0.95,1953.00,7,13,1953,9,30
19561.336806,0.96,1953.00,7,13,1953,9,30
19561.338194,1.00,1953.00,7,13,1953,9,30
19561.343056,1.03,1953.00,7,13,1953,9,30
19561.348611,1.03,1953.00,7,13,1953,9,30
19561.359028,1.01,1953.00,7,13,1953,9,30
19561.367361,1.00,1953.00,7,13,1953,9,30
19561.377083,0.96,1953.00,7,13,1953,9,30
19561.386806,0.93,1953.00,7,13,1953,9,30
19561.411111,0.89,1953.00,7,13,1953,9,30
19561.419444,0.89,1953.00,7,13,1953,9,30
19561.420833,0.97,1953.00,7,13,1953,9,30
19561.427083,0.99,1953.00,7,13,1953,9,30
19561.432639,0.99,1953.00,7,13,1953,9,30
19561.439583,0.99,1953.00,7,13,1953,9,30
19561.452778,0.97,1953.00,7,13,1953,9,30
19561.461806,0.95,1953.00,7,13,1953,9,30
19561.475000,0.92,1953.00,7,13,1953,9,30
19561.480556,0.92,1953.00,7,13,1953,9,30
19561.492361,0.93,1953.00,7,13,1953,9,30
19561.500694,0.93,1953.00,7,13,1953,9,30
19561.513194,0.91,1953.00,7,13,1953,9,30
19561.538194,0.89,1953.00,7,13,1953,9,30
19561.553472,0.87,1953.00,7,13,1953,9,30
19561.559722,0.87,1953.00,7,13,1953,9,30
19561.561111,0.93,1953.00,7,13,1953,9,30
19561.563889,0.97,1953.00,7,13,1953,9,30
19561.568750,0.99,1953.00,7,13,1953,9,30
19561.580556,1.00,1953.00,7,13,1953,9,30
19561.590278,0.99,1953.00,7,13,1953,9,30
19561.609028,0.95,1953.00,7,13,1953,9,30
19561.618750,0.93,1953.00,7,13,1953,9,30
19561.622917,0.91,1953.00,7,13,1953,9,30
19561.631250,0.90,1953.00,7,13,1953,9,30
19561.640278,0.88,1953.00,7,13,1953,9,30
19561.647917,0.86,1953.00,7,13,1953,9,30
19561.656250,0.85,1953.00,7,13,1953,9,30
19561.664583,0.84,1953.00,7,13,1953,9,30
19561.670833,0.83,1953.00,7,13,1953,9,30
19561.678472,0.83,1953.00,7,13,1953,9,30
19561.686111,0.90,1953.00,7,13,1953,9,30
19561.689583,0.91,1953.00,7,13,1953,9,30
19561.704167,0.91,1953.00,7,13,1953,9,30
19561.718056,0.88,1953.00,7,13,1953,9,30
19561.736806,0.88,1953.00,7,13,1953,9,30
19561.768750,0.84,1953.00,7,13,1953,9,30
19561.795139,0.82,1953.00,7,13,1953,9,30
19561.796528,0.82,1953.00,7,13,1953,9,30
19561.812500,0.81,1953.00,7,13,1953,9,30
19561.818750,0.81,1953.00,7,13,1953,9,30
19561.828472,0.81,1953.00,7,13,1953,9,30
19561.830556,0.85,1953.00,7,13,1953,9,30
19561.832639,0.88,1953.00,7,13,1953,9,30
19561.838889,0.91,1953.00,7,13,1953,9,30
19561.849306,0.91,1953.00,7,13,1953,9,30
19561.861806,0.89,1953.00,7,13,1953,9,30
19561.870833,0.88,1953.00,7,13,1953,9,30
19561.886111,0.86,1953.00,7,13,1953,9,30
19561.900694,0.85,1953.00,7,13,1953,9,30
19561.936111,0.82,1953.00,7,13,1953,9,30
19561.963194,0.81,1953.00,7,13,1953,9,30
19561.976389,0.80,1953.00,7,13,1953,9,30
19562.000000,0.76,1953.00,7,13,1953,9,30
19562.013889,0.76,1953.00,7,13,1953,9,30
19562.029167,0.76,1953.00,7,13,1953,9,30
19562.056250,0.76,1953.00,7,13,1953,9,30
19562.074306,0.76,1953.00,7,13,1953,9,30
19562.144444,0.76,1953.00,7,13,1953,9,30
19562.194444,0.76,1953.00,7,13,1953,9,30
19562.208333,0.76,1953.00,7,13,1953,9,30
19562.222222,0.75,1953.00,7,13,1953,9,30
19562.250694,0.75,1953.00,7,13,1953,9,30
19562.281250,0.75,1953.00,7,13,1953,9,30
19562.346528,0.75,1953.00,7,13,1953,9,30
19562.350000,0.75,1953.00,7,13,1953,9,30
19562.377778,0.75,1953.00,7,13,1953,9,30
19562.383333,0.74,1953.00,7,13,1953,9,30
19562.397222,0.74,1953.00,7,13,1953,9,30
19562.401389,0.74,1953.00,7,13,1953,9,30
19562.422917,0.74,1953.00,7,13,1953,9,30
19562.431250,0.74,1953.00,7,13,1953,9,30
19562.447917,0.74,1953.00,7,13,1953,9,30
19562.455556,0.73,1953.00,7,13,1953,9,30
19562.467361,0.73,1953.00,7,13,1953,9,30
19562.472917,0.73,1953.00,7,13,1953,9,30
19562.495139,0.73,1953.00,7,13,1953,9,30
19562.507639,0.73,1953.00,7,13,1953,9,30
19562.513889,0.72,1953.00,7,13,1953,9,30
19562.520833,0.72,1953.00,7,13,1953,9,30
19562.527083,0.73,1953.00,7,13,1953,9,30
19562.561806,0.73,1953.00,7,13,1953,9,30
19562.583333,0.72,1953.00,7,13,1953,9,30
19562.610417,0.71,1953.00,7,13,1953,9,30
19562.620833,0.71,1953.00,7,13,1953,9,30
19562.622917,0.70,1953.00,7,13,1953,9,30
19562.634722,0.71,1953.00,7,13,1953,9,30
19562.643056,0.71,1953.00,7,13,1953,9,30
19562.673611,0.71,1953.00,7,13,1953,9,30
19562.681250,0.70,1953.00,7,13,1953,9,30
19562.695139,0.70,1953.00,7,13,1953,9,30
19562.700694,0.71,1953.00,7,13,1953,9,30
19562.711806,0.70,1953.00,7,13,1953,9,30
19562.717361,0.69,1953.00,7,13,1953,9,30
19562.725694,0.68,1953.00,7,13,1953,9,30
19562.732639,0.67,1953.00,7,13,1953,9,30
19562.762500,0.67,1953.00,7,13,1953,9,30
19562.768750,0.68,1953.00,7,13,1953,9,30
19562.776389,0.67,1953.00,7,13,1953,9,30
19562.793750,0.67,1953.00,7,13,1953,9,30
19562.803472,0.66,1953.00,7,13,1953,9,30
19562.813889,0.66,1953.00,7,13,1953,9,30
19562.831944,0.66,1953.00,7,13,1953,9,30
19562.844444,0.65,1953.00,7,13,1953,9,30
19562.848611,0.65,1953.00,7,13,1953,9,30
19562.862500,0.64,1953.00,7,13,1953,9,30
19562.883333,0.64,1953.00,7,13,1953,9,30
19562.890278,0.63,1953.00,7,13,1953,9,30
19562.907639,0.63,1953.00,7,13,1953,9,30
19562.924306,0.62,1953.00,7,13,1953,9,30
19562.945833,0.63,1953.00,7,13,1953,9,30
19562.959028,0.62,1953.00,7,13,1953,9,30
19562.977778,0.62,1953.00,7,13,1953,9,30
19562.984722,0.62,1953.00,7,13,1953,9,30
19563.000000,0.66,1953.00,7,13,1953,9,30
19563.007639,0.66,1953.00,7,13,1953,9,30
19563.015972,0.65,1953.00,7,13,1953,9,30
19563.031944,0.65,1953.00,7,13,1953,9,30
19563.035417,0.65,1953.00,7,13,1953,9,30
19563.052083,0.65,1953.00,7,13,1953,9,30
19563.060417,0.64,1953.00,7,13,1953,9,30
19563.087500,0.64,1953.00,7,13,1953,9,30
19563.095139,0.63,1953.00,7,13,1953,9,30
19563.168056,0.63,1953.00,7,13,1953,9,30
19563.179861,0.63,1953.00,7,13,1953,9,30
19563.228472,0.63,1953.00,7,13,1953,9,30
19563.235417,0.63,1953.00,7,13,1953,9,30
19563.290972,0.63,1953.00,7,13,1953,9,30
19563.306250,0.63,1953.00,7,13,1953,9,30
19563.328472,0.62,1953.00,7,13,1953,9,30
19563.350694,0.61,1953.00,7,13,1953,9,30
19563.366667,0.59,1953.00,7,13,1953,9,30
19563.389583,0.58,1953.00,7,13,1953,9,30
19563.411806,0.56,1953.00,7,13,1953,9,30
19563.431944,0.54,1953.00,7,13,1953,9,30
19563.452778,0.52,1953.00,7,13,1953,9,30
19563.461111,0.52,1953.00,7,13,1953,9,30
19563.470833,0.56,1953.00,7,13,1953,9,30
19563.474306,0.59,1953.00,7,13,1953,9,30
19563.486806,0.62,1953.00,7,13,1953,9,30
19563.503472,0.64,1953.00,7,13,1953,9,30
19563.519444,0.64,1953.00,7,13,1953,9,30
19563.534028,0.64,1953.00,7,13,1953,9,30
19563.545139,0.64,1953.00,7,13,1953,9,30
19563.552083,0.63,1953.00,7,13,1953,9,30
19563.561111,0.63,1953.00,7,13,1953,9,30
19563.567361,0.63,1953.00,7,13,1953,9,30
19563.576389,0.65,1953.00,7,13,1953,9,30
19563.581250,0.67,1953.00,7,13,1953,9,30
19563.583333,0.69,1953.00,7,13,1953,9,30
19563.587500,0.71,1953.00,7,13,1953,9,30
19563.595833,0.73,1953.00,7,13,1953,9,30
19563.613194,0.77,1953.00,7,13,1953,9,30
19563.618056,0.77,1953.00,7,13,1953,9,30
19563.634722,0.77,1953.00,7,13,1953,9,30
19563.642361,0.78,1953.00,7,13,1953,9,30
19563.645139,0.84,1953.00,7,13,1953,9,30
19563.645833,0.94,1953.00,7,13,1953,9,30
19563.646528,0.78,1953.00,7,13,1953,9,30
19563.647222,1.05,1953.00,7,13,1953,9,30
19563.648611,1.10,1953.00,7,13,1953,9,30
19563.650000,1.14,1953.00,7,13,1953,9,30
19563.651389,1.15,1953.00,7,13,1953,9,30
19563.652778,1.18,1953.00,7,13,1953,9,30
19563.653472,1.21,1953.00,7,13,1953,9,30
19563.654861,1.22,1953.00,7,13,1953,9,30
19563.660417,1.22,1953.00,7,13,1953,9,30
19563.672222,1.21,1953.00,7,13,1953,9,30
19563.678472,1.20,1953.00,7,13,1953,9,30
19563.688194,1.19,1953.00,7,13,1953,9,30
19563.713194,1.18,1953.00,7,13,1953,9,30
19563.720139,1.18,1953.00,7,13,1953,9,30
19563.727778,1.17,1953.00,7,13,1953,9,30
19563.744444,1.17,1953.00,7,13,1953,9,30
19563.745833,1.58,1953.00,7,13,1953,9,30
19563.752083,2.03,1953.00,7,13,1953,9,30
19563.756250,2.34,1953.00,7,13,1953,9,30
19563.763889,2.48,1953.00,7,13,1953,9,30
19563.765278,2.56,1953.00,7,13,1953,9,30
19563.773611,2.62,1953.00,7,13,1953,9,30
19563.793056,2.66,1953.00,7,13,1953,9,30
19563.813194,2.66,1953.00,7,13,1953,9,30
19563.854861,2.58,1953.00,7,13,1953,9,30
19563.871528,2.53,1953.00,7,13,1953,9,30
19563.884722,2.45,1953.00,7,13,1953,9,30
19563.900694,2.39,1953.00,7,13,1953,9,30
19563.915972,2.32,1953.00,7,13,1953,9,30
19563.925694,2.27,1953.00,7,13,1953,9,30
19563.938194,2.23,1953.00,7,13,1953,9,30
19563.945139,2.20,1953.00,7,13,1953,9,30
19563.958333,2.16,1953.00,7,13,1953,9,30
19563.965972,2.13,1953.00,7,13,1953,9,30
19563.974306,2.10,1953.00,7,13,1953,9,30
19563.995139,2.07,1953.00,7,13,1953,9,30
19564.000000,2.09,1953.00,7,13,1953,9,30
19564.005556,2.07,1953.00,7,13,1953,9,30
19564.026389,2.05,1953.00,7,13,1953,9,30
19564.031250,2.02,1953.00,7,13,1953,9,30
19564.050694,2.00,1953.00,7,13,1953,9,30
19564.052083,1.97,1953.00,7,13,1953,9,30
19564.070139,1.94,1953.00,7,13,1953,9,30
19564.078472,1.91,1953.00,7,13,1953,9,30
19564.096528,1.88,1953.00,7,13,1953,9,30
19564.102778,1.85,1953.00,7,13,1953,9,30
19564.123611,1.82,1953.00,7,13,1953,9,30
19564.129167,1.80,1953.00,7,13,1953,9,30
19564.150000,1.78,1953.00,7,13,1953,9,30
19564.159722,1.76,1953.00,7,13,1953,9,30
19564.174306,1.74,1953.00,7,13,1953,9,30
19564.202083,1.68,1953.00,7,13,1953,9,30
19564.333333,1.53,1953.00,7,13,1953,9,30
19564.510417,1.39,1953.00,7,13,1953,9,30
19564.520833,1.38,1953.00,7,13,1953,9,30
19564.525000,1.37,1953.00,7,13,1953,9,30
19564.538889,1.36,1953.00,7,13,1953,9,30
19564.558333,1.36,1953.00,7,13,1953,9,30
19564.575000,1.34,1953.00,7,13,1953,9,30
19564.588194,1.34,1953.00,7,13,1953,9,30
19564.603472,1.34,1953.00,7,13,1953,9,30
19564.618056,1.33,1953.00,7,13,1953,9,30
19564.636806,1.31,1953.00,7,13,1953,9,30
19564.653472,1.31,1953.00,7,13,1953,9,30
19564.663889,1.30,1953.00,7,13,1953,9,30
19564.680556,1.29,1953.00,7,13,1953,9,30
19564.702083,1.27,1953.00,7,13,1953,9,30
19564.716667,1.27,1953.00,7,13,1953,9,30
19564.752778,1.23,1953.00,7,13,1953,9,30
19564.764583,1.23,1953.00,7,13,1953,9,30
19564.777083,1.21,1953.00,7,13,1953,9,30
19564.786111,1.20,1953.00,7,13,1953,9,30
19564.795833,1.19,1953.00,7,13,1953,9,30
19564.806250,1.19,1953.00,7,13,1953,9,30
19564.829167,1.17,1953.00,7,13,1953,9,30
19564.861806,1.17,1953.00,7,13,1953,9,30
19564.876389,1.16,1953.00,7,13,1953,9,30
19564.918056,1.15,1953.00,7,13,1953,9,30
19564.947917,1.13,1953.00,7,13,1953,9,30
19564.970139,1.11,1953.00,7,13,1953,9,30
19564.985417,1.14,1953.00,7,13,1953,9,30
19564.992361,1.13,1953.00,7,13,1953,9,30
19565.000000,1.12,1953.00,7,13,1953,9,30
19565.029861,1.07,1953.00,7,13,1953,9,30
19565.093056,1.07,1953.00,7,13,1953,9,30
19565.138889,1.04,1953.00,7,13,1953,9,30
19565.167361,1.01,1953.00,7,13,1953,9,30
19565.204167,1.01,1953.00,7,13,1953,9,30
19565.234722,0.99,1953.00,7,13,1953,9,30
19565.252083,0.99,1953.00,7,13,1953,9,30
19565.254167,1.09,1953.00,7,13,1953,9,30
19565.254861,1.11,1953.00,7,13,1953,9,30
19565.259722,1.12,1953.00,7,13,1953,9,30
19565.265972,1.11,1953.00,7,13,1953,9,30
19565.272917,1.07,1953.00,7,13,1953,9,30
19565.289583,1.01,1953.00,7,13,1953,9,30
19565.304167,0.96,1953.00,7,13,1953,9,30
19565.316667,0.94,1953.00,7,13,1953,9,30
19565.329167,0.93,1953.00,7,13,1953,9,30
19565.332639,0.99,1953.00,7,13,1953,9,30
19565.335417,1.01,1953.00,7,13,1953,9,30
19565.344444,1.01,1953.00,7,13,1953,9,30
19565.356250,0.98,1953.00,7,13,1953,9,30
19565.365972,0.95,1953.00,7,13,1953,9,30
19565.377083,0.94,1953.00,7,13,1953,9,30
19565.420833,0.94,1953.00,7,13,1953,9,30
19565.441667,0.93,1953.00,7,13,1953,9,30
19565.456250,0.93,1953.00,7,13,1953,9,30
19565.456944,1.04,1953.00,7,13,1953,9,30
19565.458333,1.09,1953.00,7,13,1953,9,30
19565.465278,1.10,1953.00,7,13,1953,9,30
19565.475694,1.09,1953.00,7,13,1953,9,30
19565.504861,1.00,1953.00,7,13,1953,9,30
19565.518056,0.95,1953.00,7,13,1953,9,30
19565.519444,0.94,1953.00,7,13,1953,9,30
19565.527083,0.91,1953.00,7,13,1953,9,30
19565.534028,0.89,1953.00,7,13,1953,9,30
19565.538194,0.88,1953.00,7,13,1953,9,30
19565.545833,0.87,1953.00,7,13,1953,9,30
19565.567361,0.85,1953.00,7,13,1953,9,30
19565.577083,0.85,1953.00,7,13,1953,9,30
19565.581250,0.92,1953.00,7,13,1953,9,30
19565.583333,0.95,1953.00,7,13,1953,9,30
19565.592361,0.97,1953.00,7,13,1953,9,30
19565.601389,0.97,1953.00,7,13,1953,9,30
19565.611806,0.95,1953.00,7,13,1953,9,30
19565.615972,0.93,1953.00,7,13,1953,9,30
19565.641667,0.90,1953.00,7,13,1953,9,30
19565.654861,0.89,1953.00,7,13,1953,9,30
19565.665972,0.88,1953.00,7,13,1953,9,30
19565.681944,0.87,1953.00,7,13,1953,9,30
19565.688194,0.87,1953.00,7,13,1953,9,30
19565.694444,0.86,1953.00,7,13,1953,9,30
19565.704167,0.86,1953.00,7,13,1953,9,30
19565.706944,0.95,1953.00,7,13,1953,9,30
19565.709028,0.96,1953.00,7,13,1953,9,30
19565.712500,0.97,1953.00,7,13,1953,9,30
19565.722222,0.97,1953.00,7,13,1953,9,30
19565.734722,0.94,1953.00,7,13,1953,9,30
19565.741667,0.91,1953.00,7,13,1953,9,30
19565.757639,0.88,1953.00,7,13,1953,9,30
19565.786111,0.84,1953.00,7,13,1953,9,30
19565.794444,0.83,1953.00,7,13,1953,9,30
19565.806250,0.83,1953.00,7,13,1953,9,30
19565.807639,0.87,1953.00,7,13,1953,9,30
19565.812500,0.90,1953.00,7,13,1953,9,30
19565.842361,0.90,1953.00,7,13,1953,9,30
19565.856944,0.88,1953.00,7,13,1953,9,30
19565.877778,0.85,1953.00,7,13,1953,9,30
19565.897222,0.84,1953.00,7,13,1953,9,30
19565.925000,0.83,1953.00,7,13,1953,9,30
19565.944444,0.82,1953.00,7,13,1953,9,30
19565.957639,0.82,1953.00,7,13,1953,9,30
19565.962500,0.87,1953.00,7,13,1953,9,30
19565.968056,0.88,1953.00,7,13,1953,9,30
19565.991667,0.88,1953.00,7,13,1953,9,30
19565.994444,0.87,1953.00,7,13,1953,9,30
19566.000000,0.83,1953.00,7,13,1953,9,30
19566.015972,0.81,1953.00,7,13,1953,9,30
19566.031250,0.80,1953.00,7,13,1953,9,30
19566.049306,0.80,1953.00,7,13,1953,9,30
19566.079167,0.78,1953.00,7,13,1953,9,30
19566.141667,0.76,1953.00,7,13,1953,9,30
19566.156250,0.76,1953.00,7,13,1953,9,30
19566.161806,0.76,1953.00,7,13,1953,9,30
19566.277083,0.76,1953.00,7,13,1953,9,30
19566.284028,0.75,1953.00,7,13,1953,9,30
19566.309722,0.75,1953.00,7,13,1953,9,30
19566.320139,0.76,1953.00,7,13,1953,9,30
19566.385417,0.76,1953.00,7,13,1953,9,30
19566.396528,0.75,1953.00,7,13,1953,9,30
19566.410417,0.76,1953.00,7,13,1953,9,30
19566.417361,0.75,1953.00,7,13,1953,9,30
19566.454861,0.75,1953.00,7,13,1953,9,30
19566.461111,0.74,1953.00,7,13,1953,9,30
19566.468056,0.74,1953.00,7,13,1953,9,30
19566.480556,0.72,1953.00,7,13,1953,9,30
19566.484722,0.71,1953.00,7,13,1953,9,30
19566.500694,0.71,1953.00,7,13,1953,9,30
19566.504861,0.70,1953.00,7,13,1953,9,30
19566.505556,0.55,1953.00,7,13,1953,9,30
19566.511111,0.53,1953.00,7,13,1953,9,30
19566.515972,0.50,1953.00,7,13,1953,9,30
19566.520139,0.49,1953.00,7,13,1953,9,30
19566.524306,0.48,1953.00,7,13,1953,9,30
19566.538889,0.48,1953.00,7,13,1953,9,30
19566.541667,0.50,1953.00,7,13,1953,9,30
19566.548611,0.58,1953.00,7,13,1953,9,30
19566.553472,0.70,1953.00,7,13,1953,9,30
19566.560417,0.81,1953.00,7,13,1953,9,30
19566.563889,0.83,1953.00,7,13,1953,9,30
19566.567361,0.83,1953.00,7,13,1953,9,30
19566.572222,0.83,1953.00,7,13,1953,9,30
19566.588194,0.79,1953.00,7,13,1953,9,30
19566.602083,0.76,1953.00,7,13,1953,9,30
19566.611806,0.75,1953.00,7,13,1953,9,30
19566.618750,0.74,1953.00,7,13,1953,9,30
19566.641667,0.74,1953.00,7,13,1953,9,30
19566.650694,0.73,1953.00,7,13,1953,9,30
19566.659722,0.73,1953.00,7,13,1953,9,30
19566.663194,0.72,1953.00,7,13,1953,9,30
19566.697917,0.74,1953.00,7,13,1953,9,30
19566.762500,0.74,1953.00,7,13,1953,9,30
19566.791667,0.73,1953.00,7,13,1953,9,30
19566.796528,0.73,1953.00,7,13,1953,9,30
19566.846528,0.73,1953.00,7,13,1953,9,30
19566.854861,0.72,1953.00,7,13,1953,9,30
19566.870139,0.72,1953.00,7,13,1953,9,30
19566.874306,0.72,1953.00,7,13,1953,9,30
19566.898611,0.72,1953.00,7,13,1953,9,30
19566.903472,0.71,1953.00,7,13,1953,9,30
19566.925694,0.71,1953.00,7,13,1953,9,30
19566.926389,0.70,1953.00,7,13,1953,9,30
19566.946528,0.70,1953.00,7,13,1953,9,30
19566.952083,0.70,1953.00,7,13,1953,9,30
19566.963889,0.70,1953.00,7,13,1953,9,30
19567.000000,0.69,1953.00,7,13,1953,9,30
19567.011111,0.68,1953.00,7,13,1953,9,30
19567.027778,0.68,1953.00,7,13,1953,9,30
19567.034028,0.67,1953.00,7,13,1953,9,30
19567.037500,0.66,1953.00,7,13,1953,9,30
19567.075694,0.66,1953.00,7,13,1953,9,30
19567.113889,0.65,1953.00,7,13,1953,9,30
19567.146528,0.65,1953.00,7,13,1953,9,30
19567.163889,0.66,1953.00,7,13,1953,9,30
19567.240972,0.66,1953.00,7,13,1953,9,30
19567.250694,0.66,1953.00,7,13,1953,9,30
19567.263194,0.65,1953.00,7,13,1953,9,30
19567.277778,0.65,1953.00,7,13,1953,9,30
19567.286806,0.65,1953.00,7,13,1953,9,30
19567.314583,0.64,1953.00,7,13,1953,9,30
19567.319444,0.64,1953.00,7,13,1953,9,30
19567.338889,0.64,1953.00,7,13,1953,9,30
19567.348611,0.63,1953.00,7,13,1953,9,30
19567.354861,0.63,1953.00,7,13,1953,9,30
19567.373611,0.63,1953.00,7,13,1953,9,30
19567.397917,0.62,1953.00,7,13,1953,9,30
19567.408333,0.62,1953.00,7,13,1953,9,30
19567.458333,0.62,1953.00,7,13,1953,9,30
19567.464583,0.61,1953.00,7,13,1953,9,30
19567.494444,0.61,1953.00,7,13,1953,9,30
19568.000000,0.58,1953.00,7,13,1953,9,30
19568.469444,0.52,1953.00,7,13,1953,9,30
19568.494444,0.51,1953.00,7,13,1953,9,30
19568.520833,0.51,1953.00,7,13,1953,9,30
19568.531250,0.50,1953.00,7,13,1953,9,30
19568.559028,0.51,1953.00,7,13,1953,9,30
19568.589583,0.48,1953.00,7,13,1953,9,30
19568.602083,0.48,1953.00,7,13,1953,9,30
19568.619444,0.48,1953.00,7,13,1953,9,30
19568.630556,0.48,1953.00,7,13,1953,9,30
19568.642361,0.47,1953.00,7,13,1953,9,30
19568.659722,0.47,1953.00,7,13,1953,9,30
19568.676389,0.47,1953.00,7,13,1953,9,30
19568.690278,0.47,1953.00,7,13,1953,9,30
19568.702083,0.47,1953.00,7,13,1953,9,30
19568.707639,0.46,1953.00,7,13,1953,9,30
19568.725000,0.46,1953.00,7,13,1953,9,30
19568.733333,0.45,1953.00,7,13,1953,9,30
19568.743056,0.45,1953.00,7,13,1953,9,30
19568.759028,0.43,1953.00,7,13,1953,9,30
19568.771528,0.42,1953.00,7,13,1953,9,30
19568.780556,0.42,1953.00,7,13,1953,9,30
19568.795139,0.41,1953.00,7,13,1953,9,30
19568.813194,0.40,1953.00,7,13,1953,9,30
19568.817361,0.39,1953.00,7,13,1953,9,30
19568.818056,0.39,1953.00,7,13,1953,9,30
19568.836111,0.38,1953.00,7,13,1953,9,30
19568.842361,0.38,1953.00,7,13,1953,9,30
19568.858333,0.38,1953.00,7,13,1953,9,30
19568.880556,0.43,1953.00,7,13,1953,9,30
19568.882639,0.44,1953.00,7,13,1953,9,30
19568.907639,0.46,1953.00,7,13,1953,9,30
19568.913889,0.46,1953.00,7,13,1953,9,30
19568.950694,0.46,1953.00,7,13,1953,9,30
19568.965972,0.46,1953.00,7,13,1953,9,30
19568.986806,0.45,1953.00,7,13,1953,9,30
19569.000000,0.45,1953.00,7,13,1953,9,30
19569.006250,0.45,1953.00,7,13,1953,9,30
19569.018056,0.44,1953.00,7,13,1953,9,30
19569.028472,0.44,1953.00,7,13,1953,9,30
19569.057639,0.44,1953.00,7,13,1953,9,30
19569.063194,0.44,1953.00,7,13,1953,9,30
19569.077778,0.43,1953.00,7,13,1953,9,30
19569.083333,0.43,1953.00,7,13,1953,9,30
19569.102778,0.43,1953.00,7,13,1953,9,30
19569.118750,0.42,1953.00,7,13,1953,9,30
19569.138889,0.42,1953.00,7,13,1953,9,30
19569.172222,0.42,1953.00,7,13,1953,9,30
19569.220833,0.42,1953.00,7,13,1953,9,30
19569.234722,0.41,1953.00,7,13,1953,9,30
19569.245833,0.41,1953.00,7,13,1953,9,30
19569.259722,0.41,1953.00,7,13,1953,9,30
19569.267361,0.40,1953.00,7,13,1953,9,30
19569.337500,0.40,1953.00,7,13,1953,9,30
19569.346528,0.40,1953.00,7,13,1953,9,30
19569.370833,0.40,1953.00,7,13,1953,9,30
19569.400694,0.40,1953.00,7,13,1953,9,30
19569.407639,0.39,1953.00,7,13,1953,9,30
19569.416667,0.39,1953.00,7,13,1953,9,30
19569.431944,0.37,1953.00,7,13,1953,9,30
19569.445833,0.36,1953.00,7,13,1953,9,30
19569.456250,0.34,1953.00,7,13,1953,9,30
19569.459028,0.33,1953.00,7,13,1953,9,30
19569.462500,0.31,1953.00,7,13,1953,9,30
19569.475694,0.29,1953.00,7,13,1953,9,30
19569.486111,0.30,1953.00,7,13,1953,9,30
19569.490972,0.32,1953.00,7,13,1953,9,30
19569.493750,0.34,1953.00,7,13,1953,9,30
19569.501389,0.36,1953.00,7,13,1953,9,30
19569.521528,0.36,1953.00,7,13,1953,9,30
19569.533333,0.36,1953.00,7,13,1953,9,30
19569.541667,0.36,1953.00,7,13,1953,9,30
19569.551389,0.38,1953.00,7,13,1953,9,30
19569.555556,0.40,1953.00,7,13,1953,9,30
19569.563194,0.41,1953.00,7,13,1953,9,30
19569.568750,0.42,1953.00,7,13,1953,9,30
19569.592361,0.42,1953.00,7,13,1953,9,30
19569.607639,0.40,1953.00,7,13,1953,9,30
19569.634722,0.40,1953.00,7,13,1953,9,30
19569.638194,0.39,1953.00,7,13,1953,9,30
19569.656250,0.37,1953.00,7,13,1953,9,30
19569.683333,0.37,1953.00,7,13,1953,9,30
19569.692361,0.38,1953.00,7,13,1953,9,30
19569.705556,0.38,1953.00,7,13,1953,9,30
19569.719444,0.36,1953.00,7,13,1953,9,30
19569.730556,0.36,1953.00,7,13,1953,9,30
19569.745833,0.36,1953.00,7,13,1953,9,30
19569.753472,0.36,1953.00,7,13,1953,9,30
19569.788889,0.36,1953.00,7,13,1953,9,30
19569.795833,0.37,1953.00,7,13,1953,9,30
19569.831250,0.36,1953.00,7,13,1953,9,30
19569.858333,0.36,1953.00,7,13,1953,9,30
19569.861111,0.57,1953.00,7,13,1953,9,30
19569.865972,0.73,1953.00,7,13,1953,9,30
19569.870139,0.78,1953.00,7,13,1953,9,30
19569.874306,0.81,1953.00,7,13,1953,9,30
19569.879861,0.83,1953.00,7,13,1953,9,30
19569.884028,0.83,1953.00,7,13,1953,9,30
19569.906944,0.83,1953.00,7,13,1953,9,30
19569.922222,0.82,1953.00,7,13,1953,9,30
19569.935417,0.80,1953.00,7,13,1953,9,30
19569.944444,0.80,1953.00,7,13,1953,9,30
19569.948611,0.80,1953.00,7,13,1953,9,30
19569.963889,0.80,1953.00,7,13,1953,9,30
19569.985417,0.80,1953.00,7,13,1953,9,30
19570.000000,0.79,1953.00,7,13,1953,9,30
19570.003472,0.79,1953.00,7,13,1953,9,30
19570.013889,0.79,1953.00,7,13,1953,9,30
19570.026389,0.78,1953.00,7,13,1953,9,30
19570.043056,0.77,1953.00,7,13,1953,9,30
19570.062500,0.76,1953.00,7,13,1953,9,30
19570.079167,0.76,1953.00,7,13,1953,9,30
19570.102778,0.75,1953.00,7,13,1953,9,30
19570.117361,0.74,1953.00,7,13,1953,9,30
19570.131250,0.73,1953.00,7,13,1953,9,30
19570.138194,0.73,1953.00,7,13,1953,9,30
19570.151389,0.71,1953.00,7,13,1953,9,30
19570.166667,0.70,1953.00,7,13,1953,9,30
19570.170139,0.70,1953.00,7,13,1953,9,30
19570.180556,0.69,1953.00,7,13,1953,9,30
19570.196528,0.67,1953.00,7,13,1953,9,30
19570.216667,0.66,1953.00,7,13,1953,9,30
19570.230556,0.64,1953.00,7,13,1953,9,30
19570.240972,0.64,1953.00,7,13,1953,9,30
19570.294444,0.64,1953.00,7,13,1953,9,30
19570.303472,0.63,1953.00,7,13,1953,9,30
19570.322917,0.62,1953.00,7,13,1953,9,30
19570.331250,0.62,1953.00,7,13,1953,9,30
19570.337500,0.62,1953.00,7,13,1953,9,30
19570.347222,0.61,1953.00,7,13,1953,9,30
19570.355556,0.61,1953.00,7,13,1953,9,30
19570.366667,0.61,1953.00,7,13,1953,9,30
19570.377778,0.60,1953.00,7,13,1953,9,30
19570.386111,0.60,1953.00,7,13,1953,9,30
19570.420139,0.60,1953.00,7,13,1953,9,30
19570.442361,0.58,1953.00,7,13,1953,9,30
19570.454861,0.59,1953.00,7,13,1953,9,30
19570.466667,0.59,1953.00,7,13,1953,9,30
19570.501389,0.59,1953.00,7,13,1953,9,30
19570.527083,0.59,1953.00,7,13,1953,9,30
19570.540278,0.59,1953.00,7,13,1953,9,30
19570.589583,0.59,1953.00,7,13,1953,9,30
19570.609722,0.58,1953.00,7,13,1953,9,30
19570.613889,0.58,1953.00,7,13,1953,9,30
19570.621528,0.57,1953.00,7,13,1953,9,30
19570.634028,0.57,1953.00,7,13,1953,9,30
19570.643750,0.57,1953.00,7,13,1953,9,30
19570.656250,0.56,1953.00,7,13,1953,9,30
19570.661806,0.54,1953.00,7,13,1953,9,30
19570.672222,0.51,1953.00,7,13,1953,9,30
19570.675000,0.50,1953.00,7,13,1953,9,30
19570.690972,0.47,1953.00,7,13,1953,9,30
19570.709028,0.56,1953.00,7,13,1953,9,30
19570.722222,0.58,1953.00,7,13,1953,9,30
19570.734722,0.59,1953.00,7,13,1953,9,30
19570.745139,0.58,1953.00,7,13,1953,9,30
19570.752083,0.57,1953.00,7,13,1953,9,30
19570.763889,0.57,1953.00,7,13,1953,9,30
19570.788889,0.56,1953.00,7,13,1953,9,30
19570.809722,0.56,1953.00,7,13,1953,9,30
19570.828472,0.54,1953.00,7,13,1953,9,30
19570.840972,0.54,1953.00,7,13,1953,9,30
19570.853472,0.54,1953.00,7,13,1953,9,30
19570.854167,0.79,1953.00,7,13,1953,9,30
19570.859028,1.15,1953.00,7,13,1953,9,30
19570.861806,1.17,1953.00,7,13,1953,9,30
19570.865972,1.19,1953.00,7,13,1953,9,30
19570.875000,1.17,1953.00,7,13,1953,9,30
19570.882639,1.13,1953.00,7,13,1953,9,30
19570.895139,1.06,1953.00,7,13,1953,9,30
19570.901389,1.03,1953.00,7,13,1953,9,30
19570.937500,0.94,1953.00,7,13,1953,9,30
19570.962500,0.88,1953.00,7,13,1953,9,30
19570.990972,0.84,1953.00,7,13,1953,9,30
19571.000000,0.82,1953.00,7,13,1953,9,30
19571.002778,0.81,1953.00,7,13,1953,9,30
19571.009722,0.81,1953.00,7,13,1953,9,30
19571.025000,0.80,1953.00,7,13,1953,9,30
19571.029861,0.80,1953.00,7,13,1953,9,30
19571.067361,0.80,1953.00,7,13,1953,9,30
19571.076389,0.79,1953.00,7,13,1953,9,30
19571.088889,0.79,1953.00,7,13,1953,9,30
19571.093750,0.79,1953.00,7,13,1953,9,30
19571.110417,0.79,1953.00,7,13,1953,9,30
19571.116667,1.21,1953.00,7,13,1953,9,30
19571.122222,1.37,1953.00,7,13,1953,9,30
19571.129167,1.36,1953.00,7,13,1953,9,30
19571.131250,1.41,1953.00,7,13,1953,9,30
19571.134722,1.42,1953.00,7,13,1953,9,30
19571.154167,1.38,1953.00,7,13,1953,9,30
19571.182639,1.34,1953.00,7,13,1953,9,30
19571.204167,1.33,1953.00,7,13,1953,9,30
19571.245139,1.30,1953.00,7,13,1953,9,30
19571.259722,1.30,1953.00,7,13,1953,9,30
19571.295139,1.26,1953.00,7,13,1953,9,30
19571.310417,1.24,1953.00,7,13,1953,9,30
19571.329167,1.28,1953.00,7,13,1953,9,30
19571.335417,1.31,1953.00,7,13,1953,9,30
19571.350694,1.29,1953.00,7,13,1953,9,30
19571.361111,1.30,1953.00,7,13,1953,9,30
19571.411806,1.27,1953.00,7,13,1953,9,30
19571.450000,1.27,1953.00,7,13,1953,9,30
19571.479861,1.27,1953.00,7,13,1953,9,30
19571.505556,1.34,1953.00,7,13,1953,9,30
19571.512500,1.39,1953.00,7,13,1953,9,30
19571.526389,1.44,1953.00,7,13,1953,9,30
19571.529861,1.50,1953.00,7,13,1953,9,30
19571.540278,1.48,1953.00,7,13,1953,9,30
19571.559028,1.47,1953.00,7,13,1953,9,30
19571.582639,1.44,1953.00,7,13,1953,9,30
19571.588889,1.41,1953.00,7,13,1953,9,30
19571.604861,1.37,1953.00,7,13,1953,9,30
19571.613889,1.36,1953.00,7,13,1953,9,30
19571.630556,1.34,1953.00,7,13,1953,9,30
19571.645833,1.33,1953.00,7,13,1953,9,30
19571.663194,1.32,1953.00,7,13,1953,9,30
19571.674306,1.33,1953.00,7,13,1953,9,30
19571.684028,1.33,1953.00,7,13,1953,9,30
19571.692361,1.34,1953.00,7,13,1953,9,30
19571.705556,1.38,1953.00,7,13,1953,9,30
19571.708333,1.41,1953.00,7,13,1953,9,30
19571.731250,1.48,1953.00,7,13,1953,9,30
19571.737500,1.50,1953.00,7,13,1953,9,30
19571.748611,1.53,1953.00,7,13,1953,9,30
19571.759028,1.57,1953.00,7,13,1953,9,30
19571.770139,1.59,1953.00,7,13,1953,9,30
19571.777083,1.61,1953.00,7,13,1953,9,30
19571.783333,1.63,1953.00,7,13,1953,9,30
19571.786806,1.64,1953.00,7,13,1953,9,30
19571.790972,1.67,1953.00,7,13,1953,9,30
19571.800000,1.70,1953.00,7,13,1953,9,30
19571.813194,1.72,1953.00,7,13,1953,9,30
19571.820139,1.70,1953.00,7,13,1953,9,30
19571.825694,1.69,1953.00,7,13,1953,9,30
19571.833333,1.70,1953.00,7,13,1953,9,30
19571.842361,1.67,1953.00,7,13,1953,9,30
19571.852083,1.66,1953.00,7,13,1953,9,30
19571.865972,1.63,1953.00,7,13,1953,9,30
19571.878472,1.60,1953.00,7,13,1953,9,30
19571.887500,1.59,1953.00,7,13,1953,9,30
19571.890972,1.57,1953.00,7,13,1953,9,30
19571.896528,1.56,1953.00,7,13,1953,9,30
19571.902083,1.53,1953.00,7,13,1953,9,30
19571.909722,1.50,1953.00,7,13,1953,9,30
19571.922222,1.47,1953.00,7,13,1953,9,30
19571.931250,1.45,1953.00,7,13,1953,9,30
19571.940278,1.44,1953.00,7,13,1953,9,30
19571.952778,1.41,1953.00,7,13,1953,9,30
19571.961806,1.41,1953.00,7,13,1953,9,30
19571.985417,1.38,1953.00,7,13,1953,9,30
19571.996528,1.38,1953.00,7,13,1953,9,30
19572.000000,1.38,1953.00,7,13,1953,9,30
19572.015972,1.37,1953.00,7,13,1953,9,30
19572.027083,1.38,1953.00,7,13,1953,9,30
19572.043750,1.38,1953.00,7,13,1953,9,30
19572.056250,1.37,1953.00,7,13,1953,9,30
19572.061111,1.38,1953.00,7,13,1953,9,30
19572.064583,1.40,1953.00,7,13,1953,9,30
19572.067361,1.61,1953.00,7,13,1953,9,30
19572.070139,1.69,1953.00,7,13,1953,9,30
19572.077778,2.08,1953.00,7,13,1953,9,30
19572.086806,2.19,1953.00,7,13,1953,9,30
19572.094444,2.23,1953.00,7,13,1953,9,30
19572.104167,2.29,1953.00,7,13,1953,9,30
19572.109722,2.31,1953.00,7,13,1953,9,30
19572.123611,2.27,1953.00,7,13,1953,9,30
19572.142361,2.24,1953.00,7,13,1953,9,30
19572.145139,2.19,1953.00,7,13,1953,9,30
19572.166667,2.10,1953.00,7,13,1953,9,30
19572.181250,2.06,1953.00,7,13,1953,9,30
19572.200000,2.01,1953.00,7,13,1953,9,30
19572.214583,2.00,1953.00,7,13,1953,9,30
19572.227083,1.95,1953.00,7,13,1953,9,30
19572.237500,1.93,1953.00,7,13,1953,9,30
19572.250694,1.88,1953.00,7,13,1953,9,30
19572.263889,1.85,1953.00,7,13,1953,9,30
19572.284028,1.80,1953.00,7,13,1953,9,30
19572.293056,1.77,1953.00,7,13,1953,9,30
19572.315972,1.73,1953.00,7,13,1953,9,30
19572.328472,1.70,1953.00,7,13,1953,9,30
19572.344444,1.66,1953.00,7,13,1953,9,30
19572.357639,1.63,1953.00,7,13,1953,9,30
19572.372917,1.61,1953.00,7,13,1953,9,30
19572.390972,1.64,1953.00,7,13,1953,9,30
19572.398611,1.69,1953.00,7,13,1953,9,30
19572.407639,1.73,1953.00,7,13,1953,9,30
19572.418056,1.76,1953.00,7,13,1953,9,30
19572.429861,1.78,1953.00,7,13,1953,9,30
19572.472222,1.78,1953.00,7,13,1953,9,30
19572.499306,1.79,1953.00,7,13,1953,9,30
19572.515278,1.77,1953.00,7,13,1953,9,30
19572.534722,1.74,1953.00,7,13,1953,9,30
19572.546528,1.72,1953.00,7,13,1953,9,30
19572.565278,1.69,1953.00,7,13,1953,9,30
19572.577083,1.67,1953.00,7,13,1953,9,30
19572.611806,1.61,1953.00,7,13,1953,9,30
19572.631250,1.67,1953.00,7,13,1953,9,30
19572.647917,1.75,1953.00,7,13,1953,9,30
19572.670139,1.77,1953.00,7,13,1953,9,30
19572.704861,1.85,1953.00,7,13,1953,9,30
19572.732639,1.89,1953.00,7,13,1953,9,30
19572.768056,1.92,1953.00,7,13,1953,9,30
19572.793750,1.92,1953.00,7,13,1953,9,30
19572.833333,1.86,1953.00,7,13,1953,9,30
19572.859722,1.81,1953.00,7,13,1953,9,30
19572.890278,1.77,1953.00,7,13,1953,9,30
19572.915972,1.73,1953.00,7,13,1953,9,30
19572.950000,1.67,1953.00,7,13,1953,9,30
19572.969444,1.69,1953.00,7,13,1953,9,30
19572.986111,1.65,1953.00,7,13,1953,9,30
19573.000000,1.61,1953.00,7,13,1953,9,30
19573.004861,1.60,1953.00,7,13,1953,9,30
19573.038194,1.57,1953.00,7,13,1953,9,30
19573.045139,1.55,1953.00,7,13,1953,9,30
19573.066667,1.53,1953.00,7,13,1953,9,30
19573.088194,1.53,1953.00,7,13,1953,9,30
19573.100000,1.54,1953.00,7,13,1953,9,30
19573.102778,1.56,1953.00,7,13,1953,9,30
19573.114583,1.66,1953.00,7,13,1953,9,30
19573.125694,1.69,1953.00,7,13,1953,9,30
19573.151389,1.80,1953.00,7,13,1953,9,30
19573.167361,1.76,1953.00,7,13,1953,9,30
19573.190278,1.78,1953.00,7,13,1953,9,30
19573.224306,1.78,1953.00,7,13,1953,9,30
19573.243056,1.75,1953.00,7,13,1953,9,30
19573.266667,1.70,1953.00,7,13,1953,9,30
19573.288194,1.68,1953.00,7,13,1953,9,30
19573.320833,1.66,1953.00,7,13,1953,9,30
19573.340972,1.64,1953.00,7,13,1953,9,30
19573.351389,1.62,1953.00,7,13,1953,9,30
19573.359028,1.61,1953.00,7,13,1953,9,30
19573.370833,1.62,1953.00,7,13,1953,9,30
19573.380556,1.57,1953.00,7,13,1953,9,30
19573.388194,1.62,1953.00,7,13,1953,9,30
19573.390972,1.65,1953.00,7,13,1953,9,30
19573.396528,1.82,1953.00,7,13,1953,9,30
19573.401389,1.96,1953.00,7,13,1953,9,30
19573.405556,2.09,1953.00,7,13,1953,9,30
19573.406250,2.11,1953.00,7,13,1953,9,30
19573.412500,2.17,1953.00,7,13,1953,9,30
19573.418750,2.28,1953.00,7,13,1953,9,30
19573.423611,2.33,1953.00,7,13,1953,9,30
19573.429167,2.38,1953.00,7,13,1953,9,30
19573.440278,2.44,1953.00,7,13,1953,9,30
19573.457639,2.46,1953.00,7,13,1953,9,30
19573.475694,2.43,1953.00,7,13,1953,9,30
19573.488889,2.40,1953.00,7,13,1953,9,30
19573.499306,2.36,1953.00,7,13,1953,9,30
19573.506250,2.33,1953.00,7,13,1953,9,30
19573.524306,2.27,1953.00,7,13,1953,9,30
19573.536111,2.19,1953.00,7,13,1953,9,30
19573.549306,2.15,1953.00,7,13,1953,9,30
19573.572222,2.05,1953.00,7,13,1953,9,30
19573.593056,1.93,1953.00,7,13,1953,9,30
19573.612500,1.89,1953.00,7,13,1953,9,30
19573.618056,1.86,1953.00,7,13,1953,9,30
19573.625694,1.82,1953.00,7,13,1953,9,30
19573.631250,1.69,1953.00,7,13,1953,9,30
19573.636111,1.78,1953.00,7,13,1953,9,30
19573.643056,1.88,1953.00,7,13,1953,9,30
19573.650694,1.84,1953.00,7,13,1953,9,30
19573.654167,1.81,1953.00,7,13,1953,9,30
19573.665972,1.76,1953.00,7,13,1953,9,30
19573.684722,1.79,1953.00,7,13,1953,9,30
19573.700694,1.75,1953.00,7,13,1953,9,30
19573.725694,1.70,1953.00,7,13,1953,9,30
19573.731250,1.68,1953.00,7,13,1953,9,30
19573.744444,1.66,1953.00,7,13,1953,9,30
19573.759028,1.66,1953.00,7,13,1953,9,30
19573.787500,1.64,1953.00,7,13,1953,9,30
19573.813194,1.63,1953.00,7,13,1953,9,30
19573.863194,1.63,1953.00,7,13,1953,9,30
19573.866667,1.66,1953.00,7,13,1953,9,30
19573.875000,1.70,1953.00,7,13,1953,9,30
19573.883333,1.80,1953.00,7,13,1953,9,30
19573.890972,1.88,1953.00,7,13,1953,9,30
19573.907639,2.04,1953.00,7,13,1953,9,30
19573.916667,2.09,1953.00,7,13,1953,9,30
19573.941667,2.14,1953.00,7,13,1953,9,30
19573.954861,2.15,1953.00,7,13,1953,9,30
19573.995139,2.16,1953.00,7,13,1953,9,30
19574.000000,2.16,1953.00,7,13,1953,9,30
19574.018056,2.12,1953.00,7,13,1953,9,30
19574.052778,2.07,1953.00,7,13,1953,9,30
19574.075000,2.03,1953.00,7,13,1953,9,30
19574.099306,1.99,1953.00,7,13,1953,9,30
19574.115972,1.94,1953.00,7,13,1953,9,30
19574.136111,1.92,1953.00,7,13,1953,9,30
19574.148611,1.87,1953.00,7,13,1953,9,30
19574.168056,1.82,1953.00,7,13,1953,9,30
19574.206250,1.77,1953.00,7,13,1953,9,30
19574.231944,1.73,1953.00,7,13,1953,9,30
19574.268056,1.72,1953.00,7,13,1953,9,30
19574.293750,1.69,1953.00,7,13,1953,9,30
19574.323611,1.67,1953.00,7,13,1953,9,30
19574.339583,1.66,1953.00,7,13,1953,9,30
19574.347917,1.64,1953.00,7,13,1953,9,30
19574.364583,1.64,1953.00,7,13,1953,9,30
19574.534028,1.48,1953.00,7,13,1953,9,30
19574.555556,1.44,1953.00,7,13,1953,9,30
19574.580556,1.41,1953.00,7,13,1953,9,30
19574.605556,1.41,1953.00,7,13,1953,9,30
19574.611111,1.36,1953.00,7,13,1953,9,30
19574.618056,1.32,1953.00,7,13,1953,9,30
19574.627778,1.30,1953.00,7,13,1953,9,30
19574.648611,1.30,1953.00,7,13,1953,9,30
19574.673611,1.29,1953.00,7,13,1953,9,30
19574.691667,1.27,1953.00,7,13,1953,9,30
19574.713889,1.26,1953.00,7,13,1953,9,30
19574.725000,1.26,1953.00,7,13,1953,9,30
19574.745833,1.24,1953.00,7,13,1953,9,30
19574.753472,1.25,1953.00,7,13,1953,9,30
19574.762500,1.26,1953.00,7,13,1953,9,30
19574.781944,1.24,1953.00,7,13,1953,9,30
19574.798611,1.22,1953.00,7,13,1953,9,30
19574.816667,1.20,1953.00,7,13,1953,9,30
19574.833333,1.20,1953.00,7,13,1953,9,30
19574.843056,1.19,1953.00,7,13,1953,9,30
19574.848611,1.18,1953.00,7,13,1953,9,30
19574.870139,1.18,1953.00,7,13,1953,9,30
19574.882639,1.16,1953.00,7,13,1953,9,30
19574.899306,1.15,1953.00,7,13,1953,9,30
19574.911111,1.14,1953.00,7,13,1953,9,30
19574.932639,1.14,1953.00,7,13,1953,9,30
19574.952083,1.12,1953.00,7,13,1953,9,30
19574.964583,1.10,1953.00,7,13,1953,9,30
19574.983333,1.09,1953.00,7,13,1953,9,30
19574.994444,1.09,1953.00,7,13,1953,9,30
19575.000000,1.10,1953.00,7,13,1953,9,30
19575.010417,1.09,1953.00,7,13,1953,9,30
19575.022917,1.08,1953.00,7,13,1953,9,30
19575.030556,1.08,1953.00,7,13,1953,9,30
19575.035417,1.09,1953.00,7,13,1953,9,30
19575.047222,1.09,1953.00,7,13,1953,9,30
19575.051389,1.10,1953.00,7,13,1953,9,30
19575.067361,1.09,1953.00,7,13,1953,9,30
19575.084028,1.07,1953.00,7,13,1953,9,30
19575.091667,1.06,1953.00,7,13,1953,9,30
19575.111806,1.05,1953.00,7,13,1953,9,30
19575.132639,1.05,1953.00,7,13,1953,9,30
19575.142361,1.04,1953.00,7,13,1953,9,30
19575.159722,1.03,1953.00,7,13,1953,9,30
19575.170139,1.02,1953.00,7,13,1953,9,30
19575.172222,1.02,1953.00,7,13,1953,9,30
19575.182639,1.02,1953.00,7,13,1953,9,30
19575.195139,1.03,1953.00,7,13,1953,9,30
19575.236806,0.99,1953.00,7,13,1953,9,30
19575.242361,0.99,1953.00,7,13,1953,9,30
19575.255556,1.00,1953.00,7,13,1953,9,30
19575.281944,0.98,1953.00,7,13,1953,9,30
19575.296528,0.98,1953.00,7,13,1953,9,30
19575.306250,1.04,1953.00,7,13,1953,9,30
19575.311806,1.04,1953.00,7,13,1953,9,30
19575.322917,1.00,1953.00,7,13,1953,9,30
19575.325000,1.00,1953.00,7,13,1953,9,30
19575.339583,0.96,1953.00,7,13,1953,9,30
19575.350694,0.95,1953.00,7,13,1953,9,30
19575.356250,0.95,1953.00,7,13,1953,9,30
19575.364583,0.98,1953.00,7,13,1953,9,30
19575.370833,0.98,1953.00,7,13,1953,9,30
19575.376389,0.97,1953.00,7,13,1953,9,30
19575.386111,0.94,1953.00,7,13,1953,9,30
19575.395139,0.93,1953.00,7,13,1953,9,30
19575.402083,0.93,1953.00,7,13,1953,9,30
19575.408333,1.00,1953.00,7,13,1953,9,30
19575.411806,1.00,1953.00,7,13,1953,9,30
19575.417361,1.00,1953.00,7,13,1953,9,30
19575.429861,0.96,1953.00,7,13,1953,9,30
19575.446528,0.92,1953.00,7,13,1953,9,30
19575.452778,0.90,1953.00,7,13,1953,9,30
19575.464583,0.94,1953.00,7,13,1953,9,30
19575.465278,0.90,1953.00,7,13,1953,9,30
19575.466667,0.98,1953.00,7,13,1953,9,30
19575.470139,1.03,1953.00,7,13,1953,9,30
19575.471528,1.05,1953.00,7,13,1953,9,30
19575.472917,1.06,1953.00,7,13,1953,9,30
19575.479167,1.05,1953.00,7,13,1953,9,30
19575.489583,1.00,1953.00,7,13,1953,9,30
19575.500694,0.97,1953.00,7,13,1953,9,30
19575.504167,0.96,1953.00,7,13,1953,9,30
19575.510417,0.94,1953.00,7,13,1953,9,30
19575.515972,0.93,1953.00,7,13,1953,9,30
19575.522917,0.91,1953.00,7,13,1953,9,30
19575.533333,0.89,1953.00,7,13,1953,9,30
19575.545139,0.88,1953.00,7,13,1953,9,30
19575.561806,0.87,1953.00,7,13,1953,9,30
19575.572917,0.85,1953.00,7,13,1953,9,30
19575.581250,0.85,1953.00,7,13,1953,9,30
19575.582639,0.93,1953.00,7,13,1953,9,30
19575.583333,0.99,1953.00,7,13,1953,9,30
19575.588889,1.00,1953.00,7,13,1953,9,30
19575.602778,0.96,1953.00,7,13,1953,9,30
19575.616667,0.92,1953.00,7,13,1953,9,30
19575.622917,0.90,1953.00,7,13,1953,9,30
19575.631944,0.87,1953.00,7,13,1953,9,30
19575.638194,0.85,1953.00,7,13,1953,9,30
19575.643750,0.83,1953.00,7,13,1953,9,30
19575.650694,0.82,1953.00,7,13,1953,9,30
19575.652778,0.85,1953.00,7,13,1953,9,30
19575.654861,0.89,1953.00,7,13,1953,9,30
19575.658333,0.91,1953.00,7,13,1953,9,30
19575.663889,0.92,1953.00,7,13,1953,9,30
19575.682639,0.89,1953.00,7,13,1953,9,30
19575.697222,0.86,1953.00,7,13,1953,9,30
19575.704167,0.84,1953.00,7,13,1953,9,30
19575.731944,0.80,1953.00,7,13,1953,9,30
19575.736806,0.81,1953.00,7,13,1953,9,30
19575.737500,0.88,1953.00,7,13,1953,9,30
19575.742361,0.93,1953.00,7,13,1953,9,30
19575.750000,0.92,1953.00,7,13,1953,9,30
19575.764583,0.88,1953.00,7,13,1953,9,30
19575.776389,0.85,1953.00,7,13,1953,9,30
19575.788889,0.83,1953.00,7,13,1953,9,30
19575.811806,0.79,1953.00,7,13,1953,9,30
19575.825000,0.77,1953.00,7,13,1953,9,30
19575.833333,0.77,1953.00,7,13,1953,9,30
19575.837500,0.83,1953.00,7,13,1953,9,30
19575.846528,0.85,1953.00,7,13,1953,9,30
19575.854861,0.85,1953.00,7,13,1953,9,30
19575.868056,0.83,1953.00,7,13,1953,9,30
19575.883333,0.80,1953.00,7,13,1953,9,30
19575.896528,0.78,1953.00,7,13,1953,9,30
19575.918750,0.77,1953.00,7,13,1953,9,30
19575.925000,0.77,1953.00,7,13,1953,9,30
19575.930556,0.79,1953.00,7,13,1953,9,30
19575.936806,0.80,1953.00,7,13,1953,9,30
19575.950000,0.80,1953.00,7,13,1953,9,30
19575.965972,0.79,1953.00,7,13,1953,9,30
19575.995139,0.77,1953.00,7,13,1953,9,30
19576.000000,0.81,1953.00,7,13,1953,9,30
19576.018750,0.81,1953.00,7,13,1953,9,30
19576.019444,0.88,1953.00,7,13,1953,9,30
19576.021528,0.92,1953.00,7,13,1953,9,30
19576.026389,0.93,1953.00,7,13,1953,9,30
19576.034722,0.92,1953.00,7,13,1953,9,30
19576.039583,0.89,1953.00,7,13,1953,9,30
19576.055556,0.87,1953.00,7,13,1953,9,30
19576.077778,0.83,1953.00,7,13,1953,9,30
19576.097222,0.80,1953.00,7,13,1953,9,30
19576.118056,0.79,1953.00,7,13,1953,9,30
19576.131944,0.78,1953.00,7,13,1953,9,30
19576.154167,0.78,1953.00,7,13,1953,9,30
19576.181250,0.78,1953.00,7,13,1953,9,30
19576.220833,0.78,1953.00,7,13,1953,9,30
19576.257639,0.79,1953.00,7,13,1953,9,30
19576.318056,0.79,1953.00,7,13,1953,9,30
19576.359722,0.80,1953.00,7,13,1953,9,30
19576.374306,0.81,1953.00,7,13,1953,9,30
19576.417361,0.81,1953.00,7,13,1953,9,30
19576.427778,0.80,1953.00,7,13,1953,9,30
19576.469444,0.80,1953.00,7,13,1953,9,30
19576.479167,0.81,1953.00,7,13,1953,9,30
19576.531944,0.80,1953.00,7,13,1953,9,30
19576.538889,0.80,1953.00,7,13,1953,9,30
19576.567361,0.80,1953.00,7,13,1953,9,30
19576.575694,0.80,1953.00,7,13,1953,9,30
19576.595139,0.79,1953.00,7,13,1953,9,30
19576.606944,0.79,1953.00,7,13,1953,9,30
19576.640278,0.79,1953.00,7,13,1953,9,30
19576.663889,0.78,1953.00,7,13,1953,9,30
19576.689583,0.78,1953.00,7,13,1953,9,30
19576.734722,0.77,1953.00,7,13,1953,9,30
19576.744444,0.76,1953.00,7,13,1953,9,30
19576.774306,0.76,1953.00,7,13,1953,9,30
19576.793750,0.76,1953.00,7,13,1953,9,30
19576.808333,0.76,1953.00,7,13,1953,9,30
19576.813889,0.75,1953.00,7,13,1953,9,30
19576.832639,0.75,1953.00,7,13,1953,9,30
19576.843750,0.75,1953.00,7,13,1953,9,30
19576.870139,0.74,1953.00,7,13,1953,9,30
19576.900000,0.74,1953.00,7,13,1953,9,30
19576.940278,0.73,1953.00,7,13,1953,9,30
19576.968750,0.73,1953.00,7,13,1953,9,30
19576.995833,0.73,1953.00,7,13,1953,9,30
19577.000000,0.73,1953.00,7,13,1953,9,30
19577.047917,0.73,1953.00,7,13,1953,9,30
19577.097222,0.72,1953.00,7,13,1953,9,30
19577.127083,0.71,1953.00,7,13,1953,9,30
19577.165278,0.71,1953.00,7,13,1953,9,30
19577.237500,0.71,1953.00,7,13,1953,9,30
19577.302083,0.71,1953.00,7,13,1953,9,30
19577.368750,0.71,1953.00,7,13,1953,9,30
19577.378472,0.70,1953.00,7,13,1953,9,30
19577.400694,0.69,1953.00,7,13,1953,9,30
19577.422917,0.67,1953.00,7,13,1953,9,30
19577.465278,0.66,1953.00,7,13,1953,9,30
19577.531944,0.66,1953.00,7,13,1953,9,30
19577.588194,0.66,1953.00,7,13,1953,9,30
19577.635417,0.65,1953.00,7,13,1953,9,30
19577.668750,0.65,1953.00,7,13,1953,9,30
19577.704167,0.64,1953.00,7,13,1953,9,30
19577.763194,0.64,1953.00,7,13,1953,9,30
19577.809028,0.64,1953.00,7,13,1953,9,30
19577.886111,0.63,1953.00,7,13,1953,9,30
19577.929861,0.63,1953.00,7,13,1953,9,30
19577.999306,0.63,1953.00,7,13,1953,9,30
19578.000000,0.63,1953.00,7,13,1953,9,30
19578.089583,0.62,1953.00,7,13,1953,9,30
19578.178472,0.62,1953.00,7,13,1953,9,30
19578.409722,0.62,1953.00,7,13,1953,9,30
19578.418056,0.62,1953.00,7,13,1953,9,30
19578.443750,0.62,1953.00,7,13,1953,9,30
19578.604167,0.61,1953.00,7,13,1953,9,30
19578.615278,0.61,1953.00,7,13,1953,9,30
19578.659028,0.61,1953.00,7,13,1953,9,30
19578.694444,0.60,1953.00,7,13,1953,9,30
19578.756944,0.60,1953.00,7,13,1953,9,30
19578.768750,0.60,1953.00,7,13,1953,9,30